Sox17	ENSMUSG00000025902
Oprk1	ENSMUSG00000025905
St18	ENSMUSG00000033740
Prex2	ENSMUSG00000048960
Sulf1	ENSMUSG00000016918
Prdm14	ENSMUSG00000042414
Msc	ENSMUSG00000025930
Tfap2b	ENSMUSG00000025927
Gm28653	ENSMUSG00000099906
Mcm3	ENSMUSG00000041859
Col19a1	ENSMUSG00000026141
4931428L18Rik	ENSMUSG00000086727
Khdrbs2	ENSMUSG00000026058
Ptpn18	ENSMUSG00000026126
Gm37335	ENSMUSG00000104523
Il1r2	ENSMUSG00000026073
Il18r1	ENSMUSG00000026070
1500015O10Rik	ENSMUSG00000026051
Col3a1	ENSMUSG00000026043
Slc40a1	ENSMUSG00000025993
Sdpr	ENSMUSG00000045954
1700072G22Rik	ENSMUSG00000101702
Satb2	ENSMUSG00000038331
Spats2l	ENSMUSG00000038305
Sgol2a	ENSMUSG00000026039
Pard3bos2	ENSMUSG00000085019
Pard3bos3	ENSMUSG00000085400
Gm29084	ENSMUSG00000100750
Nrp2	ENSMUSG00000025969
Erbb4	ENSMUSG00000062209
Gm29114	ENSMUSG00000101156
Ikzf2	ENSMUSG00000025997
Fn1	ENSMUSG00000026193
Igfbp2	ENSMUSG00000039323
Igfbp5	ENSMUSG00000026185
Gm29185	ENSMUSG00000101112
Tns1	ENSMUSG00000055322
Cxcr2	ENSMUSG00000026180
Ccdc108	ENSMUSG00000047021
Resp18	ENSMUSG00000033061
Des	ENSMUSG00000026208
Asic4	ENSMUSG00000033007
Epha4	ENSMUSG00000026235
Kcne4	ENSMUSG00000047330
Serpine2	ENSMUSG00000026249
Krtap28-13	ENSMUSG00000101315
Ccl20	ENSMUSG00000026166
4933436I20Rik	ENSMUSG00000100580
Pid1	ENSMUSG00000045658
Dner	ENSMUSG00000036766
G530012D18Rik	ENSMUSG00000094127
Sp100	ENSMUSG00000026222
Nppc	ENSMUSG00000026241
Gm19589	ENSMUSG00000100798
Arl4c	ENSMUSG00000049866
Ackr3	ENSMUSG00000044337
Gm28723	ENSMUSG00000101028
Col6a3	ENSMUSG00000048126
Prlh	ENSMUSG00000090550
Ramp1	ENSMUSG00000034353
Hes6	ENSMUSG00000067071
Gm29480	ENSMUSG00000101995
2310007B03Rik	ENSMUSG00000034159
Crocc2	ENSMUSG00000084989
Pam	ENSMUSG00000026335
Bcl2	ENSMUSG00000057329
Serpinb2	ENSMUSG00000062345
Gm15389	ENSMUSG00000086161
Gm29106	ENSMUSG00000102030
Tmem37	ENSMUSG00000050777
Dbi	ENSMUSG00000026385
Marco	ENSMUSG00000026390
Gm15392	ENSMUSG00000085857
Dpp10	ENSMUSG00000036815
Lypd1	ENSMUSG00000026344
Cxcr4	ENSMUSG00000045382
Thsd7b	ENSMUSG00000042581
Gm15848	ENSMUSG00000086706
Gm10188	ENSMUSG00000066936
Tmcc2	ENSMUSG00000042066
Cntn2	ENSMUSG00000053024
Prelp	ENSMUSG00000041577
Fmod	ENSMUSG00000041559
Btg2	ENSMUSG00000020423
Pkp1	ENSMUSG00000026413
A430034D21Rik	ENSMUSG00000103594
Ptprc	ENSMUSG00000026395
Lhx9	ENSMUSG00000019230
Aspm	ENSMUSG00000033952
Cfh	ENSMUSG00000026365
Rgs2	ENSMUSG00000026360
Rgs1	ENSMUSG00000026358
Rgs18	ENSMUSG00000026357
Brinp3	ENSMUSG00000035131
Ptgs2	ENSMUSG00000032487
Gm20631	ENSMUSG00000093650
Lamc1	ENSMUSG00000026478
Rgs16	ENSMUSG00000026475
Teddm1a	ENSMUSG00000047053
Glul	ENSMUSG00000026473
Gm29290	ENSMUSG00000100014
Ier5	ENSMUSG00000056708
Brinp2	ENSMUSG00000004031
Gm37083	ENSMUSG00000102852
Prdx6	ENSMUSG00000026701
Dnm3	ENSMUSG00000040265
Sell	ENSMUSG00000026581
Gm16587	ENSMUSG00000090081
Atp1b1	ENSMUSG00000026576
Gm37754	ENSMUSG00000103383
Dpt	ENSMUSG00000026574
Rcsd1	ENSMUSG00000040723
Gm37469	ENSMUSG00000102154
Rxrg	ENSMUSG00000015843
Rgs5	ENSMUSG00000026678
Rgs4	ENSMUSG00000038530
Fcrla	ENSMUSG00000038421
Fcgr4	ENSMUSG00000059089
Fcgr3	ENSMUSG00000059498
Cfap126	ENSMUSG00000026649
Pcp4l1	ENSMUSG00000038370
Fcer1g	ENSMUSG00000058715
F11r	ENSMUSG00000038235
B930036N10Rik	ENSMUSG00000091993
Cd244	ENSMUSG00000004709
Slamf7	ENSMUSG00000038179
Cd84	ENSMUSG00000038147
Pea15a	ENSMUSG00000013698
Igsf8	ENSMUSG00000038034
Atp1a2	ENSMUSG00000007097
Tagln2	ENSMUSG00000026547
Fcer1a	ENSMUSG00000005339
Gm4955	ENSMUSG00000037849
BC094916	ENSMUSG00000070501
Pydc4	ENSMUSG00000073491
Pyhin1	ENSMUSG00000043263
AI607873	ENSMUSG00000073490
Ifi204	ENSMUSG00000073489
Mnda	ENSMUSG00000026536
Zbtb18	ENSMUSG00000063659
Gm5533	ENSMUSG00000056699
1700047M11Rik	ENSMUSG00000100147
Hlx	ENSMUSG00000039377
C130074G19Rik	ENSMUSG00000039349
Tgfb2	ENSMUSG00000039239
Cenpf	ENSMUSG00000026605
Prox1	ENSMUSG00000010175
Prox1os	ENSMUSG00000079045
Atf3	ENSMUSG00000026628
G0s2	ENSMUSG00000009633
Plxna2	ENSMUSG00000026640
Cd34	ENSMUSG00000016494
Meig1	ENSMUSG00000026650
Frmd4a	ENSMUSG00000026657
Ccdc3	ENSMUSG00000026676
Gm10857	ENSMUSG00000102887
A230108P19Rik	ENSMUSG00000087125
9230102O04Rik	ENSMUSG00000079602
Itih5	ENSMUSG00000025780
Prkcq	ENSMUSG00000026778
Vim	ENSMUSG00000026728
Mrc1	ENSMUSG00000026712
Plxdc2	ENSMUSG00000026748
Gad2	ENSMUSG00000026787
Apbb1ip	ENSMUSG00000026786
Nxph2	ENSMUSG00000069132
Il1f9	ENSMUSG00000044103
Nrarp	ENSMUSG00000078202
Tubb4b	ENSMUSG00000036752
Entpd2	ENSMUSG00000015085
Ptgds	ENSMUSG00000015090
Lcn12	ENSMUSG00000026943
Fcna	ENSMUSG00000026938
Gm13554	ENSMUSG00000087515
Egfl7	ENSMUSG00000026921
Adamtsl2	ENSMUSG00000036040
Fcnb	ENSMUSG00000026835
1700007K13Rik	ENSMUSG00000026831
Lamc3	ENSMUSG00000026840
Lcn2	ENSMUSG00000026822
Eng	ENSMUSG00000026814
Gm13536	ENSMUSG00000085742
Pbx3	ENSMUSG00000038718
C79798	ENSMUSG00000084908
Hspa5	ENSMUSG00000026864
Lhx6	ENSMUSG00000026890
Ptgs1	ENSMUSG00000047250
Lhx2	ENSMUSG00000000247
Lrp1b	ENSMUSG00000049252
Arhgap15os	ENSMUSG00000085089
Zeb2	ENSMUSG00000026872
Rnd3	ENSMUSG00000017144
Neb	ENSMUSG00000026950
Rprm	ENSMUSG00000075334
Nr4a2	ENSMUSG00000026826
Ermn	ENSMUSG00000026830
Cytip	ENSMUSG00000026832
Ly75	ENSMUSG00000026980
Rbms1	ENSMUSG00000026970
Tbr1	ENSMUSG00000035033
Cobll1	ENSMUSG00000034903
Slc38a11	ENSMUSG00000061171
Csrnp3	ENSMUSG00000044647
Scn7a	ENSMUSG00000034810
4932414N04Rik	ENSMUSG00000079324
Nostrin	ENSMUSG00000034738
Spc25	ENSMUSG00000005233
Dhrs9	ENSMUSG00000027068
Gad1	ENSMUSG00000070880
Cybrd1	ENSMUSG00000027015
Dlx1as	ENSMUSG00000084946
Dlx1	ENSMUSG00000041911
Dlx2	ENSMUSG00000023391
Rapgef4os2	ENSMUSG00000085001
Cdca7	ENSMUSG00000055612
Sp9	ENSMUSG00000068859
Hoxd3os1	ENSMUSG00000052371
Nfe2l2	ENSMUSG00000015839
Ccdc141	ENSMUSG00000044033
Neurod1	ENSMUSG00000034701
Frzb	ENSMUSG00000027004
Tfpi	ENSMUSG00000027082
2700094K13Rik	ENSMUSG00000076437
Ube2l6	ENSMUSG00000027078
Aplnr	ENSMUSG00000044338
Spi1	ENSMUSG00000002111
A330069E16Rik	ENSMUSG00000097868
Lrp4	ENSMUSG00000027253
Mdk	ENSMUSG00000027239
Cd82	ENSMUSG00000027215
Gm13889	ENSMUSG00000087006
Gm13920	ENSMUSG00000085110
Fjx1	ENSMUSG00000075012
Slc1a2	ENSMUSG00000005089
Lmo2	ENSMUSG00000032698
Gm13883	ENSMUSG00000087473
Rcn1	ENSMUSG00000005973
Pax6	ENSMUSG00000027168
Mpped2	ENSMUSG00000016386
Gm13912	ENSMUSG00000086758
Slc5a12	ENSMUSG00000041644
Thbs1	ENSMUSG00000040152
A930104D05Rik	ENSMUSG00000045339
Knstrn	ENSMUSG00000027331
Casc5	ENSMUSG00000027326
Dll4	ENSMUSG00000027314
Nusap1	ENSMUSG00000027306
Tgm7	ENSMUSG00000079103
B2m	ENSMUSG00000060802
Gatm	ENSMUSG00000027199
Slc24a5	ENSMUSG00000035183
Dut	ENSMUSG00000027203
Gm17555	ENSMUSG00000090353
Hdc	ENSMUSG00000027360
Dusp2	ENSMUSG00000027368
Mal	ENSMUSG00000027375
Mall	ENSMUSG00000027377
Ckap2l	ENSMUSG00000048327
Il1a	ENSMUSG00000027399
Il1b	ENSMUSG00000027398
Sirpa	ENSMUSG00000037902
1700020A23Rik	ENSMUSG00000027409
Adam33	ENSMUSG00000027318
Hspa12b	ENSMUSG00000074793
Prokr2	ENSMUSG00000050558
Plcb1	ENSMUSG00000051177
Lamp5	ENSMUSG00000027270
Jag1	ENSMUSG00000027276
Gm14062	ENSMUSG00000086214
Ism1	ENSMUSG00000074766
Sel1l2	ENSMUSG00000074764
Flrt3	ENSMUSG00000051379
Rrbp1	ENSMUSG00000027422
Gm14114	ENSMUSG00000087618
Sstr4	ENSMUSG00000037014
Cd93	ENSMUSG00000027435
Cst12	ENSMUSG00000027443
Cst3	ENSMUSG00000027447
Syndig1	ENSMUSG00000074736
Gm14146	ENSMUSG00000086659
Gm14161	ENSMUSG00000084935
Defb36	ENSMUSG00000044863
Id1	ENSMUSG00000042745
Cox4i2	ENSMUSG00000009876
Tpx2	ENSMUSG00000027469
Foxs1	ENSMUSG00000074676
a	ENSMUSG00000027596
Fam83c	ENSMUSG00000074647
Gdf5	ENSMUSG00000038259
Myl9	ENSMUSG00000067818
Nnat	ENSMUSG00000067786
2010009K17Rik	ENSMUSG00000100860
Gm23925	ENSMUSG00000100992
Snhg11	ENSMUSG00000044349
Slc32a1	ENSMUSG00000037771
Mafb	ENSMUSG00000074622
Gm14221	ENSMUSG00000078956
Ptprt	ENSMUSG00000053141
Tox2	ENSMUSG00000074607
Serinc3	ENSMUSG00000017707
Slpi	ENSMUSG00000017002
Matn4	ENSMUSG00000016995
Sdc4	ENSMUSG00000017009
Wfdc9	ENSMUSG00000074594
Ube2c	ENSMUSG00000001403
Pltp	ENSMUSG00000017754
Mmp9	ENSMUSG00000017737
Cd40	ENSMUSG00000017652
Sulf2	ENSMUSG00000006800
Cebpb	ENSMUSG00000056501
Tshz2	ENSMUSG00000047907
Dok5	ENSMUSG00000027560
Fam210b	ENSMUSG00000027495
Aurka	ENSMUSG00000027496
Zbp1	ENSMUSG00000027514
Ctsz	ENSMUSG00000016256
Edn3	ENSMUSG00000027524
Cdh4	ENSMUSG00000000305
Gm27032	ENSMUSG00000098051
Sox18	ENSMUSG00000046470
Pcsk1n	ENSMUSG00000039278
Eras	ENSMUSG00000031160
Slc38a5	ENSMUSG00000031170
Cybb	ENSMUSG00000015340
4930557A04Rik	ENSMUSG00000048994
Tspan7	ENSMUSG00000058254
Mid1ip1	ENSMUSG00000008035
Gpr34	ENSMUSG00000040229
Il13ra1	ENSMUSG00000017057
Zcchc12	ENSMUSG00000036699
Rhox4a	ENSMUSG00000079639
Prr32	ENSMUSG00000037086
Apln	ENSMUSG00000037010
Frmd7	ENSMUSG00000036131
Hs6st2	ENSMUSG00000062184
Xlr	ENSMUSG00000054626
3830403N18Rik	ENSMUSG00000031125
Fgf13	ENSMUSG00000031137
Bgn	ENSMUSG00000031375
Tktl1	ENSMUSG00000031397
Gm5640	ENSMUSG00000079534
Pls3	ENSMUSG00000016382
Tmem47	ENSMUSG00000025666
Il1rapl1	ENSMUSG00000052372
Gm27000	ENSMUSG00000097961
Pet2	ENSMUSG00000035395
Gm5941	ENSMUSG00000071726
Arx	ENSMUSG00000035277
F630028O10Rik	ENSMUSG00000078122
Vsig4	ENSMUSG00000044206
Cdx4	ENSMUSG00000031326
Xist	ENSMUSG00000086503
Itm2a	ENSMUSG00000031239
Gm6377	ENSMUSG00000048621
Pou3f4	ENSMUSG00000056854
Pof1b	ENSMUSG00000034607
Gm14936	ENSMUSG00000084963
Cpxcr1	ENSMUSG00000072995
Pcdh11x	ENSMUSG00000034755
Pcdh19	ENSMUSG00000051323
Tceal6	ENSMUSG00000031409
Gm15046	ENSMUSG00000086441
Kcne1l	ENSMUSG00000090122
Dcx	ENSMUSG00000031285
Htr2c	ENSMUSG00000041380
Il13ra2	ENSMUSG00000031289
Alas2	ENSMUSG00000025270
Sat1	ENSMUSG00000025283
Ap1s2	ENSMUSG00000031367
Bmx	ENSMUSG00000031377
Glra2	ENSMUSG00000018589
Tmsb4x	ENSMUSG00000049775
Amelx	ENSMUSG00000031354
4933400A11Rik	ENSMUSG00000055357
Stmn2	ENSMUSG00000027500
Zfp704	ENSMUSG00000040209
Car2	ENSMUSG00000027562
Gm9733	ENSMUSG00000078783
Sirpb1a	ENSMUSG00000095788
Sirpb1b	ENSMUSG00000095028
Sirpb1c	ENSMUSG00000074677
Gm5150	ENSMUSG00000078780
Bhlhe22	ENSMUSG00000025128
Crh	ENSMUSG00000049796
Cpa3	ENSMUSG00000001865
Agtr1b	ENSMUSG00000054988
Tmem212	ENSMUSG00000043164
Mecom	ENSMUSG00000027684
Cldn11	ENSMUSG00000037625
Kcnmb2	ENSMUSG00000037610
Gm43207	ENSMUSG00000105222
Sox2	ENSMUSG00000074637
Anxa5	ENSMUSG00000027712
Ccna2	ENSMUSG00000027715
Trpc3	ENSMUSG00000027716
Gm30852	ENSMUSG00000105297
Gm31415	ENSMUSG00000102263
Pcdh18	ENSMUSG00000037892
Slc7a11	ENSMUSG00000027737
Lhfp	ENSMUSG00000048332
Trpc4	ENSMUSG00000027748
Postn	ENSMUSG00000027750
Dclk1	ENSMUSG00000027797
Nbea	ENSMUSG00000027799
Mab21l1	ENSMUSG00000056947
Tm4sf1	ENSMUSG00000027800
Pfn2	ENSMUSG00000027805
P2ry14	ENSMUSG00000036381
P2ry13	ENSMUSG00000036362
P2ry12	ENSMUSG00000036353
Vmn2r7	ENSMUSG00000062200
Ptx3	ENSMUSG00000027832
Lxn	ENSMUSG00000047557
Iqcj	ENSMUSG00000051777
4930535E02Rik	ENSMUSG00000102677
Smc4	ENSMUSG00000034349
Gria2	ENSMUSG00000033981
Gucy1b3	ENSMUSG00000028005
Gucy1a3	ENSMUSG00000033910
Npy2r	ENSMUSG00000028004
Gm43348	ENSMUSG00000105034
Gm30097	ENSMUSG00000102595
Fgg	ENSMUSG00000033860
Sfrp2	ENSMUSG00000027996
Tlr2	ENSMUSG00000027995
Fcrls	ENSMUSG00000015852
Cd5l	ENSMUSG00000015854
Pear1	ENSMUSG00000028073
Bcan	ENSMUSG00000004892
Cks1b	ENSMUSG00000028044
S100a1	ENSMUSG00000044080
S100a13	ENSMUSG00000042312
S100a16	ENSMUSG00000074457
S100a3	ENSMUSG00000001021
S100a6	ENSMUSG00000001025
S100a8	ENSMUSG00000056054
S100a9	ENSMUSG00000056071
Lce1g	ENSMUSG00000027919
Lce3a	ENSMUSG00000054325
S100a11	ENSMUSG00000027907
S100a10	ENSMUSG00000041959
Tnfaip8l2	ENSMUSG00000013707
Ctsk	ENSMUSG00000028111
Ctss	ENSMUSG00000038642
BC028528	ENSMUSG00000038543
Fcgr1	ENSMUSG00000015947
Txnip	ENSMUSG00000038393
Gm43734	ENSMUSG00000104766
Pde4dip	ENSMUSG00000038170
Gm43076	ENSMUSG00000105245
Notch2	ENSMUSG00000027878
Hmgcs2	ENSMUSG00000027875
Phgdh	ENSMUSG00000053398
Hsd3b6	ENSMUSG00000027869
Nhlh2	ENSMUSG00000048540
Ngf	ENSMUSG00000027859
Tshb	ENSMUSG00000027857
Sycp1	ENSMUSG00000027855
Syt6	ENSMUSG00000027849
Olfml3	ENSMUSG00000027848
Ppm1j	ENSMUSG00000002228
Rhoc	ENSMUSG00000002233
Adora3	ENSMUSG00000000562
Pifo	ENSMUSG00000010136
Chil3	ENSMUSG00000040809
Cd53	ENSMUSG00000040747
Slc16a4	ENSMUSG00000027896
Csf1	ENSMUSG00000014599
Gstm1	ENSMUSG00000058135
Psrc1	ENSMUSG00000068744
5330417C22Rik	ENSMUSG00000040412
Ntng1	ENSMUSG00000059857
S1pr1	ENSMUSG00000045092
Vcam1	ENSMUSG00000027962
Gpr88	ENSMUSG00000068696
Gm42891	ENSMUSG00000106342
Cnn3	ENSMUSG00000053931
Arhgap29	ENSMUSG00000039831
Fabp2	ENSMUSG00000023057
1810037I17Rik	ENSMUSG00000054091
Camk2d	ENSMUSG00000053819
Ank2	ENSMUSG00000032826
Neurog2	ENSMUSG00000027967
Dkk2	ENSMUSG00000028031
Gimd1	ENSMUSG00000091721
Gm26691	ENSMUSG00000097911
Gm43192	ENSMUSG00000104556
Gm43194	ENSMUSG00000106139
Cxxc4	ENSMUSG00000044365
Cenpe	ENSMUSG00000045328
Slc39a8	ENSMUSG00000053897
Emcn	ENSMUSG00000054690
Ddit4l	ENSMUSG00000046818
H2afz	ENSMUSG00000037894
Unc5c	ENSMUSG00000059921
Gbp7	ENSMUSG00000040253
Gbp2b	ENSMUSG00000040264
Gbp2	ENSMUSG00000028270
Lmo4	ENSMUSG00000028266
Clca3b	ENSMUSG00000037033
Clca4b	ENSMUSG00000074195
Cyr61	ENSMUSG00000028195
Ddah1	ENSMUSG00000028194
Gng5	ENSMUSG00000068523
Gm30382	ENSMUSG00000106515
Adgrl4	ENSMUSG00000039167
Ifi44	ENSMUSG00000028037
St6galnac5	ENSMUSG00000039037
Lhx8	ENSMUSG00000096225
Negr1	ENSMUSG00000040037
Lrrc7	ENSMUSG00000028176
Wls	ENSMUSG00000028173
Lyn	ENSMUSG00000042228
Penk	ENSMUSG00000045573
Car8	ENSMUSG00000041261
Chd7	ENSMUSG00000041235
1700123O12Rik	ENSMUSG00000086080
Gm11840	ENSMUSG00000085027
Runx1t1	ENSMUSG00000006586
Calb1	ENSMUSG00000028222
Cnbd1	ENSMUSG00000073991
Atp6v0d2	ENSMUSG00000028238
Pou3f2	ENSMUSG00000095139
Cnr1	ENSMUSG00000044288
Cfap206	ENSMUSG00000028294
Mob3b	ENSMUSG00000073910
Lingo2	ENSMUSG00000045083
4933428C19Rik	ENSMUSG00000086355
Spink4	ENSMUSG00000028415
1110017D15Rik	ENSMUSG00000028441
Ccl21a	ENSMUSG00000094686
Cd72	ENSMUSG00000028459
Hrct1	ENSMUSG00000071001
Igfbpl1	ENSMUSG00000035551
Hemgn	ENSMUSG00000028332
Anp32b	ENSMUSG00000028333
Smc2	ENSMUSG00000028312
Abca1	ENSMUSG00000015243
Klf4	ENSMUSG00000003032
AI481877	ENSMUSG00000038598
Orm1	ENSMUSG00000039196
Tnc	ENSMUSG00000028364
Brinp1	ENSMUSG00000028351
Ptprd	ENSMUSG00000028399
Lurap1l	ENSMUSG00000048706
Gm11269	ENSMUSG00000086293
Adamtsl1	ENSMUSG00000066113
Mllt3	ENSMUSG00000028496
Ifnb1	ENSMUSG00000048806
Ifna2	ENSMUSG00000078354
Zfp352	ENSMUSG00000070902
Elavl2	ENSMUSG00000008489
Tek	ENSMUSG00000006386
Jun	ENSMUSG00000052684
E130114P18Rik	ENSMUSG00000048747
Nfia	ENSMUSG00000028565
Lepr	ENSMUSG00000057722
4930456L15Rik	ENSMUSG00000078618
Dab1	ENSMUSG00000028519
Plpp3	ENSMUSG00000028517
Dmrtb1	ENSMUSG00000028610
Elavl4	ENSMUSG00000028546
Skint3	ENSMUSG00000070868
Gm12830	ENSMUSG00000055198
Tal1	ENSMUSG00000028717
Pdzk1ip1	ENSMUSG00000028716
Kif2c	ENSMUSG00000028678
Cdc20	ENSMUSG00000006398
Tie1	ENSMUSG00000033191
Gm12865	ENSMUSG00000087238
Slc2a1	ENSMUSG00000028645
Ermap	ENSMUSG00000028644
Guca2b	ENSMUSG00000032978
Mfsd2a	ENSMUSG00000028655
Heyl	ENSMUSG00000032744
Pou3f1	ENSMUSG00000090125
Cdca8	ENSMUSG00000028873
Rspo1	ENSMUSG00000028871
Grik3	ENSMUSG00000001985
Eva1b	ENSMUSG00000050212
Gja4	ENSMUSG00000050234
Tlr12	ENSMUSG00000062545
Laptm5	ENSMUSG00000028581
Matn1	ENSMUSG00000040533
Ptafr	ENSMUSG00000056529
Fgr	ENSMUSG00000028874
Sfn	ENSMUSG00000047281
Hmgn2	ENSMUSG00000003038
Cd52	ENSMUSG00000000682
Rhd	ENSMUSG00000028825
Cnr2	ENSMUSG00000062585
Id3	ENSMUSG00000007872
Tcea3	ENSMUSG00000001604
C1qb	ENSMUSG00000036905
C1qc	ENSMUSG00000036896
C1qa	ENSMUSG00000036887
Camk2n1	ENSMUSG00000046447
Nbl1	ENSMUSG00000041120
Gm13021	ENSMUSG00000086437
Mfap2	ENSMUSG00000060572
Gm13075	ENSMUSG00000086061
Clcnkb	ENSMUSG00000006216
Gm694	ENSMUSG00000070637
Efhd2	ENSMUSG00000040659
Pdpn	ENSMUSG00000028583
Cort	ENSMUSG00000028971
Ube4bos2	ENSMUSG00000085807
Trp73	ENSMUSG00000029026
Hes5	ENSMUSG00000048001
Gnb1	ENSMUSG00000029064
Vwa1	ENSMUSG00000042116
Agrn	ENSMUSG00000041936
Isg15	ENSMUSG00000035692
Cdk6	ENSMUSG00000040274
Cdk14	ENSMUSG00000028926
Steap4	ENSMUSG00000012428
Abcb1a	ENSMUSG00000040584
Speer4f1	ENSMUSG00000058643
Sema3c	ENSMUSG00000028780
Reln	ENSMUSG00000042453
Lhfpl3	ENSMUSG00000106379
Actr3b	ENSMUSG00000056367
Gm21671	ENSMUSG00000095550
Gm7361	ENSMUSG00000059645
Dpp6	ENSMUSG00000061576
Il6	ENSMUSG00000025746
1700001C02Rik	ENSMUSG00000029182
Cenpa	ENSMUSG00000029177
Emilin1	ENSMUSG00000029163
Ucn	ENSMUSG00000038676
Gm20465	ENSMUSG00000092275
Tacc3	ENSMUSG00000037313
Cpz	ENSMUSG00000036596
Htra3	ENSMUSG00000029096
Ppp2r2c	ENSMUSG00000029120
Jakmip1	ENSMUSG00000063646
Cytl1	ENSMUSG00000062329
Msx1	ENSMUSG00000048450
Hs3st1	ENSMUSG00000051022
Bst1	ENSMUSG00000029082
Cd38	ENSMUSG00000029084
Fgfbp1	ENSMUSG00000048373
Ncapg	ENSMUSG00000015880
Sod3	ENSMUSG00000072941
Rhoh	ENSMUSG00000029204
9130230L23Rik	ENSMUSG00000054598
Bend4	ENSMUSG00000092060
Gabra2	ENSMUSG00000000560
Gabrb1	ENSMUSG00000029212
Gm20647	ENSMUSG00000093400
Gsx2	ENSMUSG00000035946
Pdgfra	ENSMUSG00000029231
Gm42802	ENSMUSG00000106760
Kdr	ENSMUSG00000062960
Hopx	ENSMUSG00000059325
Igfbp7	ENSMUSG00000036256
Adgrl3	ENSMUSG00000037605
Epha5	ENSMUSG00000029245
Tmprss11a	ENSMUSG00000072845
Gm43056	ENSMUSG00000106507
Gm16579	ENSMUSG00000089851
Afm	ENSMUSG00000029369
Ppbp	ENSMUSG00000029372
Pf4	ENSMUSG00000029373
Cxcl3	ENSMUSG00000029379
Cxcl1	ENSMUSG00000029380
Cxcl2	ENSMUSG00000058427
Cxcl9	ENSMUSG00000029417
Art3	ENSMUSG00000034842
Cxcl10	ENSMUSG00000034855
AA792892	ENSMUSG00000073497
Anxa3	ENSMUSG00000029484
Plac8	ENSMUSG00000029322
Mapk10	ENSMUSG00000046709
Sparcl1	ENSMUSG00000029309
Ibsp	ENSMUSG00000029306
Spp1	ENSMUSG00000029304
Gbp4	ENSMUSG00000079363
Barhl2	ENSMUSG00000034384
Gm28050	ENSMUSG00000099061
Ttc28	ENSMUSG00000033209
Mn1	ENSMUSG00000070576
Cryba4	ENSMUSG00000066975
Crybb1	ENSMUSG00000029343
Tmem119	ENSMUSG00000054675
Selplg	ENSMUSG00000048163
Fam222a	ENSMUSG00000041930
Oasl2	ENSMUSG00000029561
Oasl1	ENSMUSG00000041827
Hnf1a	ENSMUSG00000029556
Cit	ENSMUSG00000029516
Tmem233	ENSMUSG00000079278
Hspb8	ENSMUSG00000041548
Tesc	ENSMUSG00000029359
Tbx3os1	ENSMUSG00000087516
Gm27199	ENSMUSG00000098649
Lhx5	ENSMUSG00000029595
Gm15749	ENSMUSG00000089830
Rph3a	ENSMUSG00000029608
Cux2	ENSMUSG00000042589
Hcar2	ENSMUSG00000045502
Gm43661	ENSMUSG00000104818
Pitpnm2os2	ENSMUSG00000089842
Fam101a	ENSMUSG00000037962
Tmem132b	ENSMUSG00000070498
Tmem132d	ENSMUSG00000034310
Fzd10	ENSMUSG00000081683
Rimbp2	ENSMUSG00000029420
Psph	ENSMUSG00000029446
Ncf1	ENSMUSG00000015950
Syna	ENSMUSG00000085957
Eln	ENSMUSG00000029675
Cldn13	ENSMUSG00000008843
Fkbp6	ENSMUSG00000040013
Ccl24	ENSMUSG00000004814
Hspb1	ENSMUSG00000004951
Cux1	ENSMUSG00000029705
Serpine1	ENSMUSG00000037411
Gm42456	ENSMUSG00000105736
Ache	ENSMUSG00000023328
Pcolce	ENSMUSG00000029718
Pilrb1	ENSMUSG00000066684
Gm36551	ENSMUSG00000106478
Pilrb2	ENSMUSG00000066682
Gjc3	ENSMUSG00000056966
Gper1	ENSMUSG00000053647
Uncx	ENSMUSG00000029546
Elfn1	ENSMUSG00000048988
Mmd2	ENSMUSG00000039533
Actb	ENSMUSG00000029580
Nptx2	ENSMUSG00000059991
Arpc1b	ENSMUSG00000029622
Gm43741	ENSMUSG00000104845
Rasl11a	ENSMUSG00000029641
Gsx1	ENSMUSG00000053129
Cdx2	ENSMUSG00000029646
Flt1	ENSMUSG00000029648
Slc7a1	ENSMUSG00000041313
Alox5ap	ENSMUSG00000060063
Zar1l	ENSMUSG00000056586
Gm42906	ENSMUSG00000107011
Samd9l	ENSMUSG00000047735
Gng11	ENSMUSG00000032766
Col1a2	ENSMUSG00000029661
Pon2	ENSMUSG00000032667
Dync1i1	ENSMUSG00000029757
Dlx6os1	ENSMUSG00000090063
Dlx6	ENSMUSG00000029754
Dlx5	ENSMUSG00000029755
Tac1	ENSMUSG00000061762
Nxph1	ENSMUSG00000046178
AA545190	ENSMUSG00000107948
Thsd7a	ENSMUSG00000032625
Gm44129	ENSMUSG00000107422
Gpr85	ENSMUSG00000048216
Foxp2	ENSMUSG00000029563
Cav2	ENSMUSG00000000058
Cav1	ENSMUSG00000007655
Asz1	ENSMUSG00000010796
Cttnbp2	ENSMUSG00000000416
Ptprz1	ENSMUSG00000068748
Cadps2	ENSMUSG00000017978
Rnf133	ENSMUSG00000051956
Cpa1	ENSMUSG00000054446
Mest	ENSMUSG00000051855
Gm13850	ENSMUSG00000085616
Bpgm	ENSMUSG00000038871
Cald1	ENSMUSG00000029761
Gm13861	ENSMUSG00000085382
Slc13a4	ENSMUSG00000029843
Ptn	ENSMUSG00000029838
Mkrn1	ENSMUSG00000029922
Prss37	ENSMUSG00000029909
Gm44284	ENSMUSG00000108033
Cntnap2	ENSMUSG00000039419
Rarres2	ENSMUSG00000009281
Gimap6	ENSMUSG00000047867
Gimap7	ENSMUSG00000043931
Gimap1	ENSMUSG00000090019
Gm44226	ENSMUSG00000108298
Gimap3	ENSMUSG00000039264
Tmem176b	ENSMUSG00000029810
Gpnmb	ENSMUSG00000029816
Npy	ENSMUSG00000029819
Cbx3	ENSMUSG00000029836
Creb5	ENSMUSG00000053007
Nap1l5	ENSMUSG00000055430
Fam13a	ENSMUSG00000037709
Snca	ENSMUSG00000025889
Hpgds	ENSMUSG00000029919
Ndnf	ENSMUSG00000049001
Vmn1r34	ENSMUSG00000091012
Gm43291	ENSMUSG00000105646
Vamp5	ENSMUSG00000073002
Vamp8	ENSMUSG00000050732
Capg	ENSMUSG00000056737
Tmsb10	ENSMUSG00000079523
Gm44031	ENSMUSG00000107546
2310069B03Rik	ENSMUSG00000100291
Dqx1	ENSMUSG00000009145
Cyp26b1	ENSMUSG00000063415
Asprv1	ENSMUSG00000033508
Gkn3	ENSMUSG00000030048
Gp9	ENSMUSG00000030054
H1fx	ENSMUSG00000044927
Vmn1r40	ENSMUSG00000096051
Aldh1l1	ENSMUSG00000030088
Fbln2	ENSMUSG00000064080
Trh	ENSMUSG00000005892
Fam19a1	ENSMUSG00000059187
Eogt	ENSMUSG00000035245
Frmd4b	ENSMUSG00000030064
Foxp1	ENSMUSG00000030067
Pdzrn3	ENSMUSG00000035357
Chl1	ENSMUSG00000030077
Slc6a1	ENSMUSG00000030310
Plxnd1	ENSMUSG00000030123
8430408G22Rik	ENSMUSG00000048489
Cxcl12	ENSMUSG00000061353
Usp18	ENSMUSG00000030107
Slc6a13	ENSMUSG00000030108
Gdf3	ENSMUSG00000030117
C3ar1	ENSMUSG00000040552
Clec4a1	ENSMUSG00000049037
Clec4a3	ENSMUSG00000043832
Clec4a2	ENSMUSG00000030148
Clec4b2	ENSMUSG00000067767
Clec4n	ENSMUSG00000023349
Clec4d	ENSMUSG00000030144
Clec4e	ENSMUSG00000030142
Cd163	ENSMUSG00000008845
C1s1	ENSMUSG00000038521
Ptpn6	ENSMUSG00000004266
Lrrc23	ENSMUSG00000030125
Cdca3	ENSMUSG00000023505
Plekhg6	ENSMUSG00000038167
Cd9	ENSMUSG00000030342
Vwf	ENSMUSG00000001930
Ntf3	ENSMUSG00000049107
Kcna5	ENSMUSG00000045534
Ccnd2	ENSMUSG00000000184
Klrb1b	ENSMUSG00000079298
Clec2d	ENSMUSG00000030157
Cd69	ENSMUSG00000030156
Clec1b	ENSMUSG00000030159
Klrd1	ENSMUSG00000030165
Klra2	ENSMUSG00000030187
Lockd	ENSMUSG00000098318
Apold1	ENSMUSG00000090698
Grin2b	ENSMUSG00000030209
Gm14329	ENSMUSG00000086239
Hist4h4	ENSMUSG00000096010
Mgp	ENSMUSG00000030218
Arhgdib	ENSMUSG00000030220
Mgst1	ENSMUSG00000008540
Lmo3	ENSMUSG00000030226
Slco1c1	ENSMUSG00000030235
Iapp	ENSMUSG00000041681
Kcnj8	ENSMUSG00000030247
Abcc9	ENSMUSG00000030249
Itpr2	ENSMUSG00000030287
Gm44020	ENSMUSG00000108148
Nlrp12	ENSMUSG00000078817
Pira2	ENSMUSG00000089942
Gm14548	ENSMUSG00000074417
RP23-292B24.1	ENSMUSG00000108593
Lair1	ENSMUSG00000055541
Ttyh1	ENSMUSG00000030428
Cdc42ep5	ENSMUSG00000063838
Vmn2r54	ENSMUSG00000096593
Lig1	ENSMUSG00000056394
Crx	ENSMUSG00000041578
C5ar1	ENSMUSG00000049130
Npas1	ENSMUSG00000001988
Psg19	ENSMUSG00000004542
Pglyrp1	ENSMUSG00000030413
Fosb	ENSMUSG00000003545
Apoc1	ENSMUSG00000040564
Apoe	ENSMUSG00000002985
Plaur	ENSMUSG00000046223
Gm26550	ENSMUSG00000097215
Ceacam10	ENSMUSG00000054169
Cd79a	ENSMUSG00000003379
Tgfb1	ENSMUSG00000002603
Cyp2b9	ENSMUSG00000040660
RP23-267I20.3	ENSMUSG00000108431
Gm15883	ENSMUSG00000086868
Mia	ENSMUSG00000089661
Zfp36	ENSMUSG00000044786
Gmfg	ENSMUSG00000060791
Tyrobp	ENSMUSG00000030579
Nfkbid	ENSMUSG00000036931
Dmkn	ENSMUSG00000060962
Krtdap	ENSMUSG00000074199
Lsr	ENSMUSG00000001247
Fxyd5	ENSMUSG00000009687
Fxyd7	ENSMUSG00000036578
Fxyd1	ENSMUSG00000036570
Scgb2b7	ENSMUSG00000094053
RP23-435E16.3	ENSMUSG00000108624
Cebpa	ENSMUSG00000034957
Slc7a10	ENSMUSG00000030495
Tshz3	ENSMUSG00000021217
RP23-291B1.2	ENSMUSG00000108434
Zfp536	ENSMUSG00000043456
RP23-470P9.2	ENSMUSG00000108726
Vstm2b	ENSMUSG00000039257
Siglecg	ENSMUSG00000030468
Nkg7	ENSMUSG00000004612
Cd33	ENSMUSG00000004609
Klk8	ENSMUSG00000064023
Klk4	ENSMUSG00000006948
RP23-184D18.8	ENSMUSG00000108622
Spib	ENSMUSG00000008193
Napsa	ENSMUSG00000002204
Fcgrt	ENSMUSG00000003420
Ppp1r15a	ENSMUSG00000040435
Fgf21	ENSMUSG00000030827
Emp3	ENSMUSG00000040212
Ldha	ENSMUSG00000063229
Mrgpra2a	ENSMUSG00000093973
Mrgpra2b	ENSMUSG00000096719
Dbx1	ENSMUSG00000030507
Nell1	ENSMUSG00000055409
Gm29296	ENSMUSG00000102124
Luzp2	ENSMUSG00000063297
Siglech	ENSMUSG00000051504
Gabrg3	ENSMUSG00000055026
Aldh1a3	ENSMUSG00000015134
Nr2f2	ENSMUSG00000030551
RP23-470G18.4	ENSMUSG00000108725
Gm7580	ENSMUSG00000085161
Mfge8	ENSMUSG00000030605
Rlbp1	ENSMUSG00000039194
Rhcg	ENSMUSG00000030549
Anpep	ENSMUSG00000039062
Prc1	ENSMUSG00000038943
Tm6sf1	ENSMUSG00000038623
RP23-341H2.2	ENSMUSG00000109145
1700010L04Rik	ENSMUSG00000030636
Grm5	ENSMUSG00000049583
Ctsc	ENSMUSG00000030560
Fam181b	ENSMUSG00000051515
RP23-231J2.1	ENSMUSG00000108532
Thrsp	ENSMUSG00000035686
Lrrc32	ENSMUSG00000090958
RP23-225M4.1	ENSMUSG00000109052
Serpinh1	ENSMUSG00000070436
Slco2b1	ENSMUSG00000030737
Olfr520	ENSMUSG00000073998
Kcne3	ENSMUSG00000035165
Ucp2	ENSMUSG00000033685
P2ry6	ENSMUSG00000048779
Pde2a	ENSMUSG00000030653
Folr2	ENSMUSG00000032725
Folr1	ENSMUSG00000001827
Chrna10	ENSMUSG00000066279
Hbb-bt	ENSMUSG00000073940
Hbb-bs	ENSMUSG00000052305
Hbb-bh1	ENSMUSG00000052217
Hbb-y	ENSMUSG00000052187
Trim30b	ENSMUSG00000052749
Trim30a	ENSMUSG00000030921
Lmo1	ENSMUSG00000036111
Nrip3	ENSMUSG00000034825
Adm	ENSMUSG00000030790
Lyve1	ENSMUSG00000030787
Spon1	ENSMUSG00000038156
RP23-370I17.3	ENSMUSG00000108379
RP23-477O13.1	ENSMUSG00000108722
Sox6	ENSMUSG00000051910
Plekha7	ENSMUSG00000045659
Arl6ip1	ENSMUSG00000030654
RP23-306P12.2	ENSMUSG00000109093
Crym	ENSMUSG00000030905
Igsf6	ENSMUSG00000035004
Plk1	ENSMUSG00000030867
Chp2	ENSMUSG00000030865
Cacng3	ENSMUSG00000066189
Hs3st4	ENSMUSG00000078591
Cd19	ENSMUSG00000030724
Nupr1	ENSMUSG00000030717
Aldoa	ENSMUSG00000030695
Kif22	ENSMUSG00000030677
Itgal	ENSMUSG00000030830
Pycard	ENSMUSG00000030793
Itgam	ENSMUSG00000030786
Itgad	ENSMUSG00000070369
RP23-144N15.10	ENSMUSG00000108604
Rgs10	ENSMUSG00000030844
RP23-68N11.1	ENSMUSG00000108580
Htra1	ENSMUSG00000006205
Oat	ENSMUSG00000030934
Mki67	ENSMUSG00000031004
Ebf3	ENSMUSG00000010476
Tcerg1l	ENSMUSG00000091002
Caly	ENSMUSG00000025468
Prap1	ENSMUSG00000025467
C330022C24Rik	ENSMUSG00000099590
Scgb1c1	ENSMUSG00000038801
Ifitm2	ENSMUSG00000060591
Ifitm1	ENSMUSG00000025491
Ifitm3	ENSMUSG00000025492
Ifitm6	ENSMUSG00000059108
Irf7	ENSMUSG00000025498
Muc5b	ENSMUSG00000066108
Ctsd	ENSMUSG00000007891
Tnni2	ENSMUSG00000031097
Lsp1	ENSMUSG00000018819
H19	ENSMUSG00000000031
Igf2	ENSMUSG00000048583
Gm6471	ENSMUSG00000073781
Cd81	ENSMUSG00000037706
Kcnq1ot1	ENSMUSG00000101609
Cdkn1c	ENSMUSG00000037664
Fgf15	ENSMUSG00000031073
Ccnd1	ENSMUSG00000070348
Ppp1r14c	ENSMUSG00000040653
Akap12	ENSMUSG00000038587
Myct1	ENSMUSG00000046916
Vip	ENSMUSG00000019772
Fbxo5	ENSMUSG00000019773
Cited2	ENSMUSG00000039910
Abracl	ENSMUSG00000078453
Tnfaip3	ENSMUSG00000019850
Sgk1	ENSMUSG00000019970
Tcf21	ENSMUSG00000045680
Akap7	ENSMUSG00000039166
Gm29571	ENSMUSG00000101537
Samd3	ENSMUSG00000051354
Rspo3	ENSMUSG00000019880
Lama4	ENSMUSG00000019846
Gm26824	ENSMUSG00000096924
Scml4	ENSMUSG00000044770
Cd24a	ENSMUSG00000047139
Lilr4b	ENSMUSG00000089672
Lilrb4a	ENSMUSG00000062593
Fam162b	ENSMUSG00000019909
Gja1	ENSMUSG00000050953
Fabp7	ENSMUSG00000019874
Spock2	ENSMUSG00000058297
Vsir	ENSMUSG00000020101
Gm17455	ENSMUSG00000090439
Unc5b	ENSMUSG00000020099
Gm20611	ENSMUSG00000093568
Pald1	ENSMUSG00000020092
Nodal	ENSMUSG00000037171
Srgn	ENSMUSG00000020077
Lrrtm3	ENSMUSG00000042846
Cdk1	ENSMUSG00000019942
Ank3	ENSMUSG00000069601
Pcdh15	ENSMUSG00000052613
Adora2a	ENSMUSG00000020178
Ggt5	ENSMUSG00000006344
Chchd10	ENSMUSG00000049422
Gm867	ENSMUSG00000050157
Vpreb3	ENSMUSG00000000903
S100b	ENSMUSG00000033208
Col6a1	ENSMUSG00000001119
Slc19a1	ENSMUSG00000001436
Col18a1	ENSMUSG00000001435
Olfr1351	ENSMUSG00000063216
Madcam1	ENSMUSG00000020310
Bsg	ENSMUSG00000023175
Cnn2	ENSMUSG00000004665
Gadd45b	ENSMUSG00000015312
Tbxa2r	ENSMUSG00000034881
Gm15917	ENSMUSG00000090034
1700025N21Rik	ENSMUSG00000090200
Timp3	ENSMUSG00000020044
Ascl1	ENSMUSG00000020052
Igf1	ENSMUSG00000020053
Gm16235	ENSMUSG00000087429
Spic	ENSMUSG00000004359
Rmst	ENSMUSG00000097348
Socs2	ENSMUSG00000020027
Nudt4	ENSMUSG00000020029
Btg1	ENSMUSG00000036478
Dcn	ENSMUSG00000019929
Lum	ENSMUSG00000036446
Atp2b1	ENSMUSG00000019943
Dusp6	ENSMUSG00000019960
Kitl	ENSMUSG00000019966
Mgat4c	ENSMUSG00000019888
Nts	ENSMUSG00000019890
Rassf9	ENSMUSG00000044921
Ppfia2	ENSMUSG00000053825
Syt1	ENSMUSG00000035864
Csrp2	ENSMUSG00000020186
Phlda1	ENSMUSG00000020205
Ptprb	ENSMUSG00000020154
Lyz2	ENSMUSG00000069516
Lyz1	ENSMUSG00000069515
Il22	ENSMUSG00000074695
Grip1	ENSMUSG00000034813
Wif1	ENSMUSG00000020218
Fam19a2	ENSMUSG00000044071
Ndufa4l2	ENSMUSG00000040280
Gm16217	ENSMUSG00000086499
Tac2	ENSMUSG00000025400
Cd63	ENSMUSG00000025351
Retn	ENSMUSG00000012705
Mcemp1	ENSMUSG00000013974
Cd209f	ENSMUSG00000051906
RP24-281E22.1	ENSMUSG00000108932
Col4a1	ENSMUSG00000031502
Col4a2	ENSMUSG00000031503
Gm15419	ENSMUSG00000084783
Rab20	ENSMUSG00000031504
1700016D06Rik	ENSMUSG00000031509
Sox1	ENSMUSG00000096014
Gm15348	ENSMUSG00000074469
Gm17023	ENSMUSG00000091443
Gas6	ENSMUSG00000031451
Tdrp	ENSMUSG00000050052
Dlgap2	ENSMUSG00000047495
Defb11	ENSMUSG00000045337
Ckap2	ENSMUSG00000037725
Plat	ENSMUSG00000031538
Nkx6-3	ENSMUSG00000063672
Sfrp1	ENSMUSG00000031548
RP23-183J18.1	ENSMUSG00000109419
1810011O10Rik	ENSMUSG00000056313
Fgfr1	ENSMUSG00000031565
Unc5d	ENSMUSG00000063626
Dusp26	ENSMUSG00000039661
Gm3985	ENSMUSG00000079070
Rbpms	ENSMUSG00000031586
Gm9951	ENSMUSG00000054618
Dlc1	ENSMUSG00000031523
Zdhhc2	ENSMUSG00000039470
Pdlim3	ENSMUSG00000031636
Ankrd37	ENSMUSG00000050914
Helt	ENSMUSG00000047171
4930555F03Rik	ENSMUSG00000031559
Neil3	ENSMUSG00000039396
Gpm6a	ENSMUSG00000031517
Hpgd	ENSMUSG00000031613
Scrg1	ENSMUSG00000031610
Hmgb2	ENSMUSG00000054717
Galntl6	ENSMUSG00000096914
Gm16178	ENSMUSG00000086681
Ddx60	ENSMUSG00000037921
Spock3	ENSMUSG00000054162
Cpe	ENSMUSG00000037852
Msmo1	ENSMUSG00000031604
Lpl	ENSMUSG00000015568
Ncan	ENSMUSG00000002341
Gdf15	ENSMUSG00000038508
Ushbp1	ENSMUSG00000034911
Bst2	ENSMUSG00000046718
Cyp4f18	ENSMUSG00000003484
Tpm4	ENSMUSG00000031799
Klf2	ENSMUSG00000055148
Hmox1	ENSMUSG00000005413
Rasd2	ENSMUSG00000034472
Nr3c2	ENSMUSG00000031618
Ednra	ENSMUSG00000031616
Gypa	ENSMUSG00000051839
Adgre5	ENSMUSG00000002885
Gm26532	ENSMUSG00000097296
Ier2	ENSMUSG00000053560
Lyl1	ENSMUSG00000034041
Junb	ENSMUSG00000052837
Nkd1	ENSMUSG00000031661
Tox3	ENSMUSG00000043668
Gm28516	ENSMUSG00000101613
Lpcat2	ENSMUSG00000033192
Mt4	ENSMUSG00000031757
Mt3	ENSMUSG00000031760
Mt2	ENSMUSG00000031762
Mt1	ENSMUSG00000031765
Cdh11	ENSMUSG00000031673
Cdh5	ENSMUSG00000031871
Rrad	ENSMUSG00000031880
Ces2e	ENSMUSG00000031886
Tppp3	ENSMUSG00000014846
Zfhx3	ENSMUSG00000038872
Hp	ENSMUSG00000031722
Calb2	ENSMUSG00000003657
Il34	ENSMUSG00000031750
Fa2h	ENSMUSG00000033579
Cntnap4	ENSMUSG00000031772
4933408N05Rik	ENSMUSG00000084848
Maf	ENSMUSG00000055435
Gm15655	ENSMUSG00000086717
Dynlrb2	ENSMUSG00000034467
Cdh13	ENSMUSG00000031841
Osgin1	ENSMUSG00000074063
Wfdc1	ENSMUSG00000023336
Irf8	ENSMUSG00000041515
1700018B08Rik	ENSMUSG00000031809
9530085P06Rik	ENSMUSG00000098109
Slc7a5	ENSMUSG00000040010
Car5a	ENSMUSG00000025317
Cyba	ENSMUSG00000006519
Cbfa2t3	ENSMUSG00000006362
Cpne7	ENSMUSG00000034796
Tubb3	ENSMUSG00000062380
Kcnk1	ENSMUSG00000033998
Nrp1	ENSMUSG00000025810
Gm10408	ENSMUSG00000072739
Synpr	ENSMUSG00000056296
Nid2	ENSMUSG00000021806
Zfp503	ENSMUSG00000039081
Gm26772	ENSMUSG00000097136
Dnah12	ENSMUSG00000021879
Cacna2d3	ENSMUSG00000021991
Stab1	ENSMUSG00000042286
D830044D21Rik	ENSMUSG00000046005
Vstm4	ENSMUSG00000050666
Gdf10	ENSMUSG00000021943
Gdf2	ENSMUSG00000072625
Syt15	ENSMUSG00000041479
Fam25c	ENSMUSG00000043681
Sncg	ENSMUSG00000023064
Mmrn2	ENSMUSG00000041445
Lrit1	ENSMUSG00000041044
Lrit2	ENSMUSG00000043418
Gm9732	ENSMUSG00000090440
Ear2	ENSMUSG00000072596
Gch1	ENSMUSG00000037580
Lgals3	ENSMUSG00000050335
Otx2	ENSMUSG00000021848
Slc35f4	ENSMUSG00000021852
Rnase4	ENSMUSG00000021876
Rnase6	ENSMUSG00000021880
Rnase2b	ENSMUSG00000059606
Ndrg2	ENSMUSG00000004558
Cebpe	ENSMUSG00000052435
Mhrt	ENSMUSG00000097652
Mcpt1	ENSMUSG00000022227
Mcpt8	ENSMUSG00000022157
Gjb2	ENSMUSG00000046352
Gjb6	ENSMUSG00000040055
Phf11b	ENSMUSG00000091649
Phf11d	ENSMUSG00000068245
Tnfrsf19	ENSMUSG00000060548
Ctsb	ENSMUSG00000021939
Sox7	ENSMUSG00000063060
Pnoc	ENSMUSG00000045731
Pbk	ENSMUSG00000022033
Esco2	ENSMUSG00000022034
Clu	ENSMUSG00000022037
Stmn4	ENSMUSG00000022044
Dpysl2	ENSMUSG00000022048
Cdca2	ENSMUSG00000048922
Nefm	ENSMUSG00000022054
Nefl	ENSMUSG00000022055
Slc25a37	ENSMUSG00000034248
Pdlim2	ENSMUSG00000022090
Fgf17	ENSMUSG00000022101
Lcp1	ENSMUSG00000021998
Rgcc	ENSMUSG00000022018
Lect1	ENSMUSG00000022025
Pcdh17	ENSMUSG00000035566
Pcdh9	ENSMUSG00000055421
Lmo7	ENSMUSG00000033060
Kctd12	ENSMUSG00000098557
Irg1	ENSMUSG00000022126
Ednrb	ENSMUSG00000022122
Spry2	ENSMUSG00000022114
Gpc6	ENSMUSG00000058571
Dct	ENSMUSG00000022129
Cldn10	ENSMUSG00000022132
Gpr183	ENSMUSG00000051212
Gm26870	ENSMUSG00000097312
Gria4	ENSMUSG00000025892
Mmp12	ENSMUSG00000049723
Mmp8	ENSMUSG00000005800
Cntn5	ENSMUSG00000039488
1700012B09Rik	ENSMUSG00000031927
Ccdc67	ENSMUSG00000039977
Naalad2	ENSMUSG00000043943
Icam1	ENSMUSG00000037405
AB124611	ENSMUSG00000057191
Spc24	ENSMUSG00000074476
Dock6	ENSMUSG00000032198
Acp5	ENSMUSG00000001348
Opcml	ENSMUSG00000062257
Ntm	ENSMUSG00000059974
Fli1	ENSMUSG00000016087
Ets1	ENSMUSG00000032035
Gm26662	ENSMUSG00000097355
Robo4	ENSMUSG00000032125
Esam	ENSMUSG00000001946
Nrgn	ENSMUSG00000053310
AW551984	ENSMUSG00000038112
Olfr983	ENSMUSG00000044205
Ubash3b	ENSMUSG00000032020
Gm26737	ENSMUSG00000097467
Mcam	ENSMUSG00000032135
Ccdc153	ENSMUSG00000070306
H2afx	ENSMUSG00000049932
Cd3g	ENSMUSG00000002033
Fxyd6	ENSMUSG00000066705
Tagln	ENSMUSG00000032085
2900052N01Rik	ENSMUSG00000099696
Cadm1	ENSMUSG00000032076
Zbtb16	ENSMUSG00000066687
Htr3a	ENSMUSG00000032269
Ncam1	ENSMUSG00000039542
Cryab	ENSMUSG00000032060
4833427G06Rik	ENSMUSG00000032057
AI593442	ENSMUSG00000078307
Sln	ENSMUSG00000042045
Acsbg1	ENSMUSG00000032281
Crabp1	ENSMUSG00000032291
Cspg4	ENSMUSG00000032911
Rpp25	ENSMUSG00000062309
Islr2	ENSMUSG00000051243
Uaca	ENSMUSG00000034485
Kif23	ENSMUSG00000032254
Calml4	ENSMUSG00000032246
2810417H13Rik	ENSMUSG00000040204
Anxa2	ENSMUSG00000032231
Foxb1	ENSMUSG00000059246
Ccnb2	ENSMUSG00000032218
Aldh1a2	ENSMUSG00000013584
Cgnl1	ENSMUSG00000032232
Tcf12	ENSMUSG00000032228
Gm19541	ENSMUSG00000098370
4921509A06Rik	ENSMUSG00000091147
Col12a1	ENSMUSG00000032332
Impg1	ENSMUSG00000032343
Hmgn3	ENSMUSG00000066456
Fam46a	ENSMUSG00000032265
Tpbg	ENSMUSG00000035274
Tbx18	ENSMUSG00000032419
Bcl2a1a	ENSMUSG00000102037
Bcl2a1b	ENSMUSG00000089929
Gm29094	ENSMUSG00000100838
Ctsh	ENSMUSG00000032359
Zic1	ENSMUSG00000032368
Zic4	ENSMUSG00000036972
Gm29478	ENSMUSG00000100341
2610303G11Rik	ENSMUSG00000046995
Rbp1	ENSMUSG00000046402
A4gnt	ENSMUSG00000037953
Slco2a1	ENSMUSG00000032548
Trf	ENSMUSG00000032554
Tmem108	ENSMUSG00000042757
Tlr9	ENSMUSG00000045322
Cacna2d2	ENSMUSG00000010066
Gnai2	ENSMUSG00000032562
Slc38a3	ENSMUSG00000010064
Gm20662	ENSMUSG00000093456
Gpx1	ENSMUSG00000063856
Trex1	ENSMUSG00000049734
Camp	ENSMUSG00000038357
Cspg5	ENSMUSG00000032482
Ngp	ENSMUSG00000032484
Pth1r	ENSMUSG00000032492
Prss45	ENSMUSG00000047257
Ltf	ENSMUSG00000032496
Ccrl2	ENSMUSG00000043953
Arpp21	ENSMUSG00000032503
Gm4665	ENSMUSG00000098127
Rbms3	ENSMUSG00000039607
Eomes	ENSMUSG00000032446
Cx3cr1	ENSMUSG00000052336
Eif1b	ENSMUSG00000006941
Ulk4	ENSMUSG00000040936
Cck	ENSMUSG00000032532
9530059O14Rik	ENSMUSG00000097736
Cdcp1	ENSMUSG00000035498
Tmem158	ENSMUSG00000054871
Slc6a20a	ENSMUSG00000036814
Ccr1	ENSMUSG00000025804
Ccr2	ENSMUSG00000049103
Ccr5	ENSMUSG00000079227
Pla2g3	ENSMUSG00000034579
Selm	ENSMUSG00000075702
Osm	ENSMUSG00000058755
Lif	ENSMUSG00000034394
Emid1	ENSMUSG00000034164
Myl7	ENSMUSG00000020469
Gm11967	ENSMUSG00000084819
Camk2b	ENSMUSG00000057897
H2afv	ENSMUSG00000041126
Ramp3	ENSMUSG00000041046
Gm11983	ENSMUSG00000099102
Igfbp3	ENSMUSG00000020427
Vwc2	ENSMUSG00000050830
Ikzf1	ENSMUSG00000018654
Vstm2a	ENSMUSG00000048834
Egfr	ENSMUSG00000020122
Plek	ENSMUSG00000020120
Slc1a4	ENSMUSG00000020142
Bcl11a	ENSMUSG00000000861
Ccdc88a	ENSMUSG00000032740
Sptbn1	ENSMUSG00000020315
Hba-x	ENSMUSG00000055609
Hba-a1	ENSMUSG00000069919
Hba-a2	ENSMUSG00000069917
Kcnip1	ENSMUSG00000053519
Slit3	ENSMUSG00000056427
Tenm2	ENSMUSG00000049336
Gm12126	ENSMUSG00000087245
Hmmr	ENSMUSG00000020330
Adra1b	ENSMUSG00000050541
Il12b	ENSMUSG00000004296
Ebf1	ENSMUSG00000057098
Timd4	ENSMUSG00000055546
Ifi47	ENSMUSG00000078920
Scgb3a1	ENSMUSG00000064057
Ltc4s	ENSMUSG00000020377
Il4	ENSMUSG00000000869
Il13	ENSMUSG00000020383
Gm12216	ENSMUSG00000081769
Sparc	ENSMUSG00000018593
Gria1	ENSMUSG00000020524
2210407C18Rik	ENSMUSG00000037145
Fam183b	ENSMUSG00000049154
Hist3h2a	ENSMUSG00000078851
Wnt3a	ENSMUSG00000009900
Wnt9a	ENSMUSG00000000126
Rasd1	ENSMUSG00000049892
Mfap4	ENSMUSG00000042436
Grap	ENSMUSG00000004837
Pmp22	ENSMUSG00000018217
Gm12301	ENSMUSG00000087058
Aurkb	ENSMUSG00000020897
Cd68	ENSMUSG00000018774
4933402P03Rik	ENSMUSG00000044084
Alox12	ENSMUSG00000000320
Gm12316	ENSMUSG00000086976
Fam64a	ENSMUSG00000020808
Xaf1	ENSMUSG00000040483
Ggt6	ENSMUSG00000040471
Hic1	ENSMUSG00000043099
Serpinf1	ENSMUSG00000000753
1700016K19Rik	ENSMUSG00000053783
Fam101b	ENSMUSG00000020846
Aldoc	ENSMUSG00000017390
Vtn	ENSMUSG00000017344
Lgals9	ENSMUSG00000001123
Evi2a	ENSMUSG00000078771
Adap2	ENSMUSG00000020709
Adap2os	ENSMUSG00000086507
Ccl2	ENSMUSG00000035385
Ccl7	ENSMUSG00000035373
Ccl12	ENSMUSG00000035352
Tmem132e	ENSMUSG00000020701
Unc45b	ENSMUSG00000018845
Slfn2	ENSMUSG00000072620
Slfn1	ENSMUSG00000078763
Slfn4	ENSMUSG00000000204
AI662270	ENSMUSG00000087107
Slfn14	ENSMUSG00000082101
Gas2l2	ENSMUSG00000020686
Ccl5	ENSMUSG00000035042
Ccl9	ENSMUSG00000019122
Ccl6	ENSMUSG00000018927
Ccl3	ENSMUSG00000000982
Ccl4	ENSMUSG00000018930
Wfdc17	ENSMUSG00000069792
Wfdc21	ENSMUSG00000051748
Lhx1	ENSMUSG00000018698
Lhx1os	ENSMUSG00000087211
Car4	ENSMUSG00000000805
Tbx2	ENSMUSG00000000093
Sept4	ENSMUSG00000020486
Msi2	ENSMUSG00000069769
Scpep1os	ENSMUSG00000087338
Tmem100	ENSMUSG00000069763
Car10	ENSMUSG00000056158
Col1a1	ENSMUSG00000001506
Ngfr	ENSMUSG00000000120
Abi3	ENSMUSG00000018381
Gngt2	ENSMUSG00000038811
B4galnt2	ENSMUSG00000013418
Hoxb3os	ENSMUSG00000084844
Hoxb1	ENSMUSG00000018973
Skap1	ENSMUSG00000057058
Gm11614	ENSMUSG00000085145
Plxdc1	ENSMUSG00000017417
Neurod2	ENSMUSG00000038255
Ikzf3	ENSMUSG00000018168
Thra	ENSMUSG00000058756
Gjd3	ENSMUSG00000047197
Top2a	ENSMUSG00000020914
Igfbp4	ENSMUSG00000017493
Ccr7	ENSMUSG00000037944
Gm11567	ENSMUSG00000059845
Krtap17-1	ENSMUSG00000078252
Krt17	ENSMUSG00000035557
Dhx58os	ENSMUSG00000085604
Ptrf	ENSMUSG00000004044
Ramp2	ENSMUSG00000001240
Rnd2	ENSMUSG00000001313
Arl4d	ENSMUSG00000034936
Meox1	ENSMUSG00000001493
Slc4a1	ENSMUSG00000006574
Grn	ENSMUSG00000034708
Gm11627	ENSMUSG00000078640
Gjc1	ENSMUSG00000034520
Higd1b	ENSMUSG00000020928
Gfap	ENSMUSG00000020932
C1ql1	ENSMUSG00000045532
Rprml	ENSMUSG00000046215
Sppl2c	ENSMUSG00000049506
Mapt	ENSMUSG00000018411
Gm11659	ENSMUSG00000085134
Gm11639	ENSMUSG00000040838
Cd79b	ENSMUSG00000040592
Icam2	ENSMUSG00000001029
Pecam1	ENSMUSG00000020717
Gm11657	ENSMUSG00000086078
1700096J18Rik	ENSMUSG00000099630
9930022D16Rik	ENSMUSG00000045065
Sox9	ENSMUSG00000000567
Sstr2	ENSMUSG00000047904
Sdk2	ENSMUSG00000041592
Rpl38	ENSMUSG00000057322
Ttyh2	ENSMUSG00000034714
Btbd17	ENSMUSG00000000202
Cd300a	ENSMUSG00000034652
Cd300lb	ENSMUSG00000063193
Cd300ld	ENSMUSG00000034641
AF251705	ENSMUSG00000044811
Cd300e	ENSMUSG00000048498
Cd300lf	ENSMUSG00000047798
Slc9a3r1	ENSMUSG00000020733
Trim47	ENSMUSG00000020773
Foxj1	ENSMUSG00000034227
St6galnac1	ENSMUSG00000009588
Tk1	ENSMUSG00000025574
Birc5	ENSMUSG00000017716
Socs3	ENSMUSG00000053113
Baiap2	ENSMUSG00000025372
Gm11788	ENSMUSG00000086929
Notum	ENSMUSG00000042988
Cbr2	ENSMUSG00000025150
Cd7	ENSMUSG00000025163
Tex19.2	ENSMUSG00000039337
Calml3	ENSMUSG00000063130
Akr1c18	ENSMUSG00000021214
Klf6	ENSMUSG00000000078
Adarb2	ENSMUSG00000052551
Idi1	ENSMUSG00000058258
Edaradd	ENSMUSG00000095105
Nid1	ENSMUSG00000005397
Pou6f2	ENSMUSG00000009734
Amph	ENSMUSG00000021314
Gpr141	ENSMUSG00000053101
Elmo1	ENSMUSG00000041112
Hist1h1b	ENSMUSG00000058773
Hist1h4m	ENSMUSG00000069306
Hist1h2ap	ENSMUSG00000094777
Gm11280	ENSMUSG00000085393
Hist1h4i	ENSMUSG00000060639
Hist1h2ae	ENSMUSG00000069272
Hist1h1e	ENSMUSG00000051627
Hist1h2bc	ENSMUSG00000018102
Hist1h1c	ENSMUSG00000036181
Slc17a2	ENSMUSG00000036110
Slc17a1	ENSMUSG00000021335
Fam65b	ENSMUSG00000036006
1700016G14Rik	ENSMUSG00000085861
Gmnn	ENSMUSG00000006715
Nrsn1	ENSMUSG00000048978
Sox4	ENSMUSG00000076431
Gm11373	ENSMUSG00000087662
Foxq1	ENSMUSG00000038415
Foxf2	ENSMUSG00000038402
Foxc1	ENSMUSG00000050295
Serpinb6b	ENSMUSG00000042842
Tubb2a	ENSMUSG00000058672
Pxdc1	ENSMUSG00000021411
Nrn1	ENSMUSG00000039114
F13a1	ENSMUSG00000039109
Ly86	ENSMUSG00000021423
Edn1	ENSMUSG00000021367
Gm15813	ENSMUSG00000087202
Rnf182	ENSMUSG00000044164
Cd83	ENSMUSG00000015396
Dek	ENSMUSG00000021377
Id4	ENSMUSG00000021379
Susd3	ENSMUSG00000021384
Ecm2	ENSMUSG00000043631
Aspn	ENSMUSG00000021388
Ogn	ENSMUSG00000021390
S1pr3	ENSMUSG00000067586
Cks2	ENSMUSG00000062248
Gadd45g	ENSMUSG00000021453
Cxcl14	ENSMUSG00000021508
Tgfbi	ENSMUSG00000035493
Ntrk2	ENSMUSG00000055254
Gas1	ENSMUSG00000052957
Ctla2b	ENSMUSG00000074874
Ctla2a	ENSMUSG00000044258
Ctsl	ENSMUSG00000021477
1190003K10Rik	ENSMUSG00000096537
Cntnap3	ENSMUSG00000033063
Gm26965	ENSMUSG00000097565
Ube2ql1	ENSMUSG00000052981
Slf1	ENSMUSG00000021597
Nr2f1	ENSMUSG00000069171
Mef2c	ENSMUSG00000005583
Gm17750	ENSMUSG00000098087
Edil3	ENSMUSG00000034488
Hapln1	ENSMUSG00000021613
Vcan	ENSMUSG00000021614
Ssbp2	ENSMUSG00000003992
Pde8b	ENSMUSG00000021684
Crhbp	ENSMUSG00000021680
1700029F12Rik	ENSMUSG00000052075
Hexb	ENSMUSG00000021665
Enc1	ENSMUSG00000041773
Foxd1	ENSMUSG00000078302
Cartpt	ENSMUSG00000021647
Ocln	ENSMUSG00000021638
Ccnb1	ENSMUSG00000041431
Pik3r1	ENSMUSG00000041417
Cd180	ENSMUSG00000021624
Kif2a	ENSMUSG00000021693
Plk2	ENSMUSG00000021701
Gpx8	ENSMUSG00000021760
Fst	ENSMUSG00000021765
Itga1	ENSMUSG00000042284
Isl1	ENSMUSG00000042258
Hmgcs1	ENSMUSG00000093930
Nim1k	ENSMUSG00000095930
Rhob	ENSMUSG00000054364
Osr1	ENSMUSG00000048387
Vsnl1	ENSMUSG00000054459
Fam49a	ENSMUSG00000020589
Fam84a	ENSMUSG00000020607
Rrm2	ENSMUSG00000020649
Id2	ENSMUSG00000020644
Rsad2	ENSMUSG00000020641
Myt1l	ENSMUSG00000061911
Lamb1	ENSMUSG00000002900
Gpr22	ENSMUSG00000044067
Prps1l1	ENSMUSG00000092305
Etv1	ENSMUSG00000004151
Arl4a	ENSMUSG00000047446
Gm17056	ENSMUSG00000090387
Npas3	ENSMUSG00000021010
1700060O08Rik	ENSMUSG00000099407
Nfkbia	ENSMUSG00000021025
Nkx2-1	ENSMUSG00000001496
Gm26973	ENSMUSG00000098172
Clec14a	ENSMUSG00000045930
Lrfn5	ENSMUSG00000035653
Mis18bp1	ENSMUSG00000047534
F730035M05Rik	ENSMUSG00000085298
Rhoj	ENSMUSG00000046768
Zfp36l1	ENSMUSG00000021127
Slc10a1	ENSMUSG00000021135
Acot1	ENSMUSG00000072949
Vrtn	ENSMUSG00000071235
Fos	ENSMUSG00000021250
Mfsd7c	ENSMUSG00000034258
Nrxn3	ENSMUSG00000066392
4930544I03Rik	ENSMUSG00000097071
Gpr65	ENSMUSG00000021886
3300002A11Rik	ENSMUSG00000033731
Fbln5	ENSMUSG00000021186
Lgmn	ENSMUSG00000021190
Ifi27	ENSMUSG00000064215
Ifi27l2a	ENSMUSG00000079017
Bcl11b	ENSMUSG00000048251
Dlk1	ENSMUSG00000040856
Meg3	ENSMUSG00000021268
Mirg	ENSMUSG00000097391
Ckb	ENSMUSG00000001270
Pld4	ENSMUSG00000052160
Crip1	ENSMUSG00000006360
Sp8	ENSMUSG00000048562
Sepp1	ENSMUSG00000064373
Mroh2b	ENSMUSG00000022155
Dab2	ENSMUSG00000022150
Osmr	ENSMUSG00000022146
Egflam	ENSMUSG00000042961
Slc1a3	ENSMUSG00000005360
Ugt3a2	ENSMUSG00000049152
Il7r	ENSMUSG00000003882
Pdzd2	ENSMUSG00000022197
Snhg18	ENSMUSG00000096956
Kcns2	ENSMUSG00000050963
Ncald	ENSMUSG00000051359
Fzd6	ENSMUSG00000022297
Cthrc1	ENSMUSG00000054196
Gm26854	ENSMUSG00000097232
Angpt1	ENSMUSG00000022309
Rspo2	ENSMUSG00000051920
Csmd3	ENSMUSG00000022311
Tnfrsf11b	ENSMUSG00000063727
Nov	ENSMUSG00000037362
Enpp2	ENSMUSG00000022425
Has2	ENSMUSG00000022367
Fam83a	ENSMUSG00000051225
Gm21798	ENSMUSG00000094296
Oc90	ENSMUSG00000015001
Sla	ENSMUSG00000022372
Ndrg1	ENSMUSG00000005125
Lypd2	ENSMUSG00000022595
Ly6d	ENSMUSG00000034634
Ly6k	ENSMUSG00000044678
Ly6e	ENSMUSG00000022587
Ly6i	ENSMUSG00000022586
Ly6a	ENSMUSG00000075602
Ly6c1	ENSMUSG00000079018
Ly6c2	ENSMUSG00000022584
Ly6g	ENSMUSG00000022582
Ly6h	ENSMUSG00000022577
Gpihbp1	ENSMUSG00000022579
Tst	ENSMUSG00000044986
Rac2	ENSMUSG00000033220
Cyth4	ENSMUSG00000018008
Mfng	ENSMUSG00000018169
Lgals1	ENSMUSG00000068220
H1f0	ENSMUSG00000096210
Sox10	ENSMUSG00000033006
Pdgfb	ENSMUSG00000000489
4930407I10Rik	ENSMUSG00000075524
Mpped1	ENSMUSG00000041708
Efcab6	ENSMUSG00000022441
Wnt7b	ENSMUSG00000022382
Fam19a5	ENSMUSG00000054863
Mlc1	ENSMUSG00000035805
Mov10l1	ENSMUSG00000015365
Smgc	ENSMUSG00000047295
Cntn1	ENSMUSG00000055022
Pdzrn4	ENSMUSG00000036218
Tuba1b	ENSMUSG00000023004
Tuba1c	ENSMUSG00000043091
Racgap1	ENSMUSG00000023015
Gpd1	ENSMUSG00000023019
Lima1	ENSMUSG00000023022
Bin2	ENSMUSG00000098112
Acvrl1	ENSMUSG00000000530
Nr4a1	ENSMUSG00000023034
1700011A15Rik	ENSMUSG00000063971
Krt75	ENSMUSG00000022986
Krt73	ENSMUSG00000063661
Krt8	ENSMUSG00000049382
Krt18	ENSMUSG00000023043
Tns2	ENSMUSG00000037003
Gm10337	ENSMUSG00000071586
Gpr84	ENSMUSG00000063234
Glycam1	ENSMUSG00000022491
Gm15879	ENSMUSG00000084790
Smim22	ENSMUSG00000096215
AU021092	ENSMUSG00000051669
Rbfox1	ENSMUSG00000008658
Carhsp1	ENSMUSG00000008393
Grin2a	ENSMUSG00000059003
Rpl39l	ENSMUSG00000039209
Emp2	ENSMUSG00000022505
Tnp2	ENSMUSG00000043050
Igll1	ENSMUSG00000075370
Cldn5	ENSMUSG00000041378
2010309G21Rik	ENSMUSG00000106567
Dgkg	ENSMUSG00000022861
Ahsg	ENSMUSG00000022868
Sst	ENSMUSG00000004366
Atp13a5	ENSMUSG00000048939
Hes1	ENSMUSG00000022528
Gp5	ENSMUSG00000047953
Apod	ENSMUSG00000022548
Itgb5	ENSMUSG00000022817
Mylk	ENSMUSG00000022836
Stfa2l1	ENSMUSG00000059657
Gm5483	ENSMUSG00000079597
Gm5416	ENSMUSG00000094733
2010005H15Rik	ENSMUSG00000095620
Stfa1	ENSMUSG00000071562
BC117090	ENSMUSG00000079594
BC100530	ENSMUSG00000071561
Stfa2	ENSMUSG00000022902
Stfa3	ENSMUSG00000054905
Cd86	ENSMUSG00000022901
Hcls1	ENSMUSG00000022831
Fstl1	ENSMUSG00000022816
Pla1a	ENSMUSG00000002847
Arhgap31	ENSMUSG00000022799
Lsamp	ENSMUSG00000061080
Gap43	ENSMUSG00000047261
Zbtb20	ENSMUSG00000022708
Cd200r3	ENSMUSG00000036172
Ccdc80	ENSMUSG00000022665
Gcsam	ENSMUSG00000022659
Retnlg	ENSMUSG00000022651
Alcam	ENSMUSG00000022636
Nfkbiz	ENSMUSG00000035356
Tmem45a	ENSMUSG00000022754
Filip1l	ENSMUSG00000043336
St3gal6	ENSMUSG00000022747
Epha3	ENSMUSG00000052504
Htr1f	ENSMUSG00000050783
Robo2	ENSMUSG00000052516
Samsn1	ENSMUSG00000022876
Nrip1	ENSMUSG00000048490
Chodl	ENSMUSG00000022860
Cyyr1	ENSMUSG00000041134
Adamts1	ENSMUSG00000022893
Olig2	ENSMUSG00000039830
Olig1	ENSMUSG00000046160
Clic6	ENSMUSG00000022949
Runx1	ENSMUSG00000022952
Erg	ENSMUSG00000040732
Itgb2l	ENSMUSG00000000157
Pcp4	ENSMUSG00000090223
Mx1	ENSMUSG00000000386
Tiam2	ENSMUSG00000023800
Ezr	ENSMUSG00000052397
Fndc1	ENSMUSG00000071984
Tagap	ENSMUSG00000033450
Qk	ENSMUSG00000062078
Slc22a1	ENSMUSG00000023829
Fpr1	ENSMUSG00000045551
Fpr2	ENSMUSG00000052270
Dcpp3	ENSMUSG00000057417
Slc9a3r2	ENSMUSG00000002504
Tmem204	ENSMUSG00000024168
Prss34	ENSMUSG00000056399
Sox8	ENSMUSG00000024176
Metrn	ENSMUSG00000002274
Dusp1	ENSMUSG00000024190
Cdkn1a	ENSMUSG00000023067
Fgd2	ENSMUSG00000024013
Tmprss3	ENSMUSG00000024034
Ubash3a	ENSMUSG00000042345
Rsph1	ENSMUSG00000024033
Notch3	ENSMUSG00000038146
Pglyrp2	ENSMUSG00000079563
Cyp4f37	ENSMUSG00000062464
Angptl4	ENSMUSG00000002289
H2-K1	ENSMUSG00000061232
Psmb8	ENSMUSG00000024338
H2-Aa	ENSMUSG00000036594
H2-Eb1	ENSMUSG00000060586
Gpsm3	ENSMUSG00000034786
Egfl8	ENSMUSG00000015467
Hspa1b	ENSMUSG00000090877
Hspa1a	ENSMUSG00000091971
Clic1	ENSMUSG00000007041
Aif1	ENSMUSG00000024397
Lst1	ENSMUSG00000073412
Ltb	ENSMUSG00000024399
Tnf	ENSMUSG00000024401
Gm20442	ENSMUSG00000092600
Ier3	ENSMUSG00000003541
Trim10	ENSMUSG00000073400
Esp24	ENSMUSG00000095625
Gm26917	ENSMUSG00000097971
Gm42418	ENSMUSG00000098178
Ptchd4	ENSMUSG00000042256
Adgrf5	ENSMUSG00000056492
Pla2g7	ENSMUSG00000023913
Rcan2	ENSMUSG00000039601
Ptcra	ENSMUSG00000036858
Gm16494	ENSMUSG00000091775
Pgc	ENSMUSG00000023987
9830107B12Rik	ENSMUSG00000073386
A530064D06Rik	ENSMUSG00000043939
Trem1	ENSMUSG00000042265
Trem3	ENSMUSG00000041754
Treml4	ENSMUSG00000051682
Trem2	ENSMUSG00000023992
Treml1	ENSMUSG00000023993
Sgol1	ENSMUSG00000023940
Stap2	ENSMUSG00000038781
Lrg1	ENSMUSG00000037095
Adgre1	ENSMUSG00000004730
Cntnap5c	ENSMUSG00000038048
Themis3	ENSMUSG00000024105
Dlgap1	ENSMUSG00000003279
Myl12a	ENSMUSG00000024048
Galnt14	ENSMUSG00000024064
Srd5a2	ENSMUSG00000038541
Rasgrp3	ENSMUSG00000071042
Lrpprc	ENSMUSG00000024120
Six3	ENSMUSG00000038805
Epas1	ENSMUSG00000024140
Nrxn1	ENSMUSG00000024109
Erdr1	ENSMUSG00000096768
Bambi	ENSMUSG00000024232
Zeb1	ENSMUSG00000024238
Mkx	ENSMUSG00000061013
Colec12	ENSMUSG00000036103
Greb1l	ENSMUSG00000042942
Hrh4	ENSMUSG00000037346
Aqp4	ENSMUSG00000024411
Ttr	ENSMUSG00000061808
Celf4	ENSMUSG00000024268
Syt4	ENSMUSG00000024261
Gpr17	ENSMUSG00000052229
Nrep	ENSMUSG00000042834
Epb41l4a	ENSMUSG00000024376
Cdc25c	ENSMUSG00000044201
Egr1	ENSMUSG00000038418
Mzb1	ENSMUSG00000024353
Ecscr	ENSMUSG00000073599
Cd14	ENSMUSG00000051439
Pcdhb7	ENSMUSG00000045062
Arap3	ENSMUSG00000024451
Pcdh12	ENSMUSG00000024440
Gm15334	ENSMUSG00000086991
Gm15336	ENSMUSG00000086312
2900055J20Rik	ENSMUSG00000071860
Dpysl3	ENSMUSG00000024501
Myot	ENSMUSG00000024471
Gm43425	ENSMUSG00000107325
Cdo1	ENSMUSG00000033022
Lvrn	ENSMUSG00000024481
Sema6a	ENSMUSG00000019647
Ppic	ENSMUSG00000024538
Gm4951	ENSMUSG00000073555
Gm4841	ENSMUSG00000068606
Iigp1	ENSMUSG00000054072
Cd74	ENSMUSG00000024610
Pdgfrb	ENSMUSG00000024620
Csf1r	ENSMUSG00000024621
Mir143hg	ENSMUSG00000097324
Adrb2	ENSMUSG00000045730
Grp	ENSMUSG00000024517
Pmaip1	ENSMUSG00000024521
Tubb6	ENSMUSG00000001473
Loxhd1	ENSMUSG00000032818
Slc14a2	ENSMUSG00000024552
Sall3	ENSMUSG00000024565
Tshz1	ENSMUSG00000046982
Neto1	ENSMUSG00000050321
Cbln2	ENSMUSG00000024647
Gal	ENSMUSG00000024907
Unc93b1	ENSMUSG00000036908
Ptprcap	ENSMUSG00000045826
Npas4	ENSMUSG00000045903
Cd248	ENSMUSG00000056481
Cnih2	ENSMUSG00000024873
Ctsw	ENSMUSG00000024910
Malat1	ENSMUSG00000092341
Neat1	ENSMUSG00000092274
Rasgrp2	ENSMUSG00000032946
Ppp1r14b	ENSMUSG00000056612
Fermt3	ENSMUSG00000024965
Slc22a8	ENSMUSG00000063796
Slc22a6	ENSMUSG00000024650
Slc3a2	ENSMUSG00000010095
Gng3	ENSMUSG00000071658
Ahnak	ENSMUSG00000069833
Asrgl1	ENSMUSG00000024654
Ms4a1	ENSMUSG00000024673
Ms4a7	ENSMUSG00000024672
Ms4a4c	ENSMUSG00000024675
Ms4a6c	ENSMUSG00000079419
Gm8369	ENSMUSG00000058470
Ms4a6b	ENSMUSG00000024677
Ms4a6d	ENSMUSG00000024679
Ms4a2	ENSMUSG00000024680
Ms4a3	ENSMUSG00000024681
Mpeg1	ENSMUSG00000046805
Glyat	ENSMUSG00000063683
Tle4	ENSMUSG00000024642
Psat1	ENSMUSG00000024640
Ostf1	ENSMUSG00000024725
Anxa1	ENSMUSG00000024659
Tmem252	ENSMUSG00000048572
Lipo4	ENSMUSG00000079344
Ankrd22	ENSMUSG00000024774
Acta2	ENSMUSG00000035783
Ifit3	ENSMUSG00000074896
Ifit3b	ENSMUSG00000062488
Ifit1	ENSMUSG00000034459
Slc16a12	ENSMUSG00000009378
Kif20b	ENSMUSG00000024795
Fgfbp3	ENSMUSG00000047632
Kif11	ENSMUSG00000012443
Hhex	ENSMUSG00000024986
Lgi1	ENSMUSG00000067242
Hells	ENSMUSG00000025001
Sfrp5	ENSMUSG00000018822
Scd2	ENSMUSG00000025203
Wnt8b	ENSMUSG00000036961
Gm28578	ENSMUSG00000100417
Fgf8	ENSMUSG00000025219
Kcnip2	ENSMUSG00000025221
Ina	ENSMUSG00000034336
Calhm3	ENSMUSG00000094219
Cfap58	ENSMUSG00000046585
Sorcs3	ENSMUSG00000063434
1700054A03Rik	ENSMUSG00000099988
Gm10197	ENSMUSG00000067085
Pnlip	ENSMUSG00000046008
Shtn1	ENSMUSG00000041362
Vax1	ENSMUSG00000006270
Kcnk18	ENSMUSG00000040901
Gm29261	ENSMUSG00000101630
Emx2	ENSMUSG00000043969
mt-Co1	ENSMUSG00000064351
mt-Atp8	ENSMUSG00000064356
mt-Atp6	ENSMUSG00000064357
mt-Co3	ENSMUSG00000064358
mt-Nd3	ENSMUSG00000064360
mt-Nd4l	ENSMUSG00000065947
PISD	ENSMUSG00000095041
