0,0,0,0,0,0,0,0,0,0,0,0,0,0,0
0,0,0,0,0,0,0,0,0,0,0,0,0,0,0
0,3.3986,12.566,0,0,1.9836,2.4699,8.3738,7.5142,0,8.5831,0,7.3244,8.922,9.4864
0,0,0,0,0,0,0,0,0,0,0,0,0,0,8.8608
0,3.188,0,8.0353,0,0,4.8371,8.0532,0,0,0,0,7.3724,0.31724,6.688
0,4.645,16.421,0,5.4595,0,5.6846,0,0,0,0,0,0,0,0
0,0,0,0,0,0,0,0,0,0,0,0,0,0,0
0,0,0,0,0,0,0,0,0,0,0,0,0,0,0
0,0,0,0,0,0,0,0,0,0,0,0,0,0,0
0,0,0,0,0,0,0,0,0,0,0,0,0,0,0
0,4.8603,8.7342,6.7931,0,3.8308,3.6112,0,0,0,8.4297,0,0,8.6813,6.2741
0,0,0,0,0,0,0,0,0,0,0,0,0,0,0
0,0,0,0,0,0,0,0,0,0,0,0,0,0,0
0,0,0,0,0,0,0,0,0,0,0,0,0,0,0
0,0,0,0,0,0,0,0,0,0,0,0,0,0,0
0,0,0,0,0,0,0,0,0,0,0,0,0,0,0
0,0,0,0,0,0,0,0,0,0,0,0,0,0,0
0,0,0,0,0,0,0,0,0,0,0,0,0,0,0
0,0,0,0,0,0,0,0,0,0,0,8.0754,0,0,0
0,0,0,0,0,0,0,0,0,0,0,0,8.5292,0,0
0,0,0,0,0,0,0,0,0,0,0,0,0,0,0
0,0,0,6.7044,0,0,0,7.8825,0,0,0,0,0,0,0
0,0,0,0,0,0,0,0,0,0,0,0,0,0,0
0,0,0,0,0,0,0,0,0,0,0,0,0,0,0
0,0,0,0,0,0,0,0,0,0,0,0,0,0,0
0,0,0,0,0,0,0,0,0,0,0,0,0,0,0
0,0,0,0,0,0,0,0,0,0,0,0,0,0,0
0,0,0,1.3552,8.2739,4.5434,4.8652,0,0,0,0,0,8.087,0,0
0,0,0,0,0,0,0,0,0,0,0,0,0,0,0
0,0,0,0,0,0,0,0,0,0,0,0,0,0,0
0,3.6225,0,5.2311,8.4261,0,0,0,0,0,0,0,0,0,8.9523
0,0,0,0,0,0,0,0,0,0,0,0,0,0,0
0,5.4157,0,0,0,0,0.99741,0,0,0,0,0.86686,0,0,0
0,5.9422,0,0,6.5609,0,2.7625,0,8.7202,7.034,0,0,0,10.747,0
0,0,0,0,0,0,0,0,0,0,0,0,0,0,0
0,0,0,0,0,0,0,0,0,0,0,0,0,0,0
0,0,0,0,0,0,0,0,0,0,0,0,0,0,0
0,0,0,0,0,0,0,0,0,0,0,0,0,0,0
0,0,0,0,0,0,0,0,0,0,0,0,0,0,0
0,0,0,0,0,0,0,0,0,0,0,0,0,0,0
0,0,0,0,0,0,0,0,0,0,0,0,0,0,0
0,3.0625,0,6.9367,0,0,0,8.3776,0,0,0,8.6196,5.7576,0,9.3104
0,0,0,0,0,0,0,0,0,0,0,0,0,0,0
0,0,0,0,0,0,0,0,0,0,0,0,0,0,0
0,0,0,0,0,0,0,0,0,0,0,0,0,0,0
0,0,0,0,0,0,0,0,0,0,0,0,0,0,0
0,0,0,0,0,0,0,0,0,0,0,0,0,0,0
0,0,0,0,0,7.5055,7.8511,0,1.7816,8.2033,0,0,0,0,0
0,0,14.201,0,5.4857,0,2.237,7.8671,8.3805,0,8.6137,0,3.6508,0,0
0,3.5978,0,6.9432,6.2071,2.5923,2.068,0,5.3659,7.9526,1.0158,7.1286,5.7207,7.8385,7.4669
0,0,0,0,0,0,0,0,0,0,0,0,0,0,0
0,0,0,0,0,0,0,0,0,0,0,0,0,0,0
0,5.0809,11.562,5.3276,7.9017,0,4.0605,0.60186,0,7.6993,2.1073,0,1.3774,7.8999,0
0,0,0,0,0,0,0,0,0,0,0,0,0,0,0
0,0,0,0,0,0,0,0,0,0,0,0,0,0,0
0,0,0,0,0,0,0,0,0,0,0,0,0,0,0
0,0,0,0,0,0,0,0,0,0,0,0,0,0,0
0,0,0,0,0,0,0,0,0,0,0,0,0,0,0
0,0,0,0,0,0,0,0,0,0,0,0,0,0,0
0,2.8604,0,4.6606,0,4.3091,2.5765,0,4.7848,9.3039,0.056927,7.6726,7.9068,0,7.7644
0,0,0,0,0,0,0,7.5161,0,0,0,0,0,0,0
0,0,0,0,0,0,0,0,0,0,0,0,0,0,0
0,0,0,0,0,0,0,0,0,0,0,0,0,0,0
0,5.1549,0,0,5.9222,0,0,0,0,0,0,0,0,0,0
0,0,0,0,0,0,0,0,0,0,0,0,0,0,0
0,0,0,0,0,0,0,0,0,0,0,0,0,0,0
0,0,0,0,0,0,0,0,0,0,0,0,0,0,0
0,0,0,0,0,0,0,0,0,0,0,0,0,0,0
0,2.861,15.094,8.2536,6.8762,8.6659,2.3801,8.2116,9.9617,9.7072,7.1326,4.8176,5.9337,9.0639,7.6523
9.2868,11.451,16.184,5.5563,7.3963,5.2366,4.5774,8.0232,0.020883,7.1628,4.4217,3.3842,0,5.7265,5.8977
0,2.5077,0,0,0,0.43274,0,1.6616,0,0,0,7.8715,9.0738,8.1026,0.66552
0,0,0,0,0,0,0,0,0,0,0,0,0,0,0
0,0,0,0,0,0,0,0,0,0,0,0,0,0,0
0,0,0,0,0,0,0,0,0,0,0,0,0,0,0
0,0,0,0.29906,8.1528,6.574,4.4904,0,4.2408,6.5305,0,0,5.7306,0,0
0,0,0,0,0,0,0,0,0,0,0,0,0,0,0
0,0,0,0,0,0,0,0,0,0,0,0,0,0,0
0,0,0,0,0,0,0,0,0,0,0,0,0,0,0
0,0,0,0,0,0,0,0,0,0,0,0,0,0,0
0,0,0,0,0,0,0,0,0,0,0,0,0,0,0
0,0,0,7.4473,8.3938,6.9471,3.9927,7.888,0,0,2.5352,7.3927,4.9381,6.2869,9.2145
0,0,0,0,0,0,0,0,0,0,0,0,0,0,0
0,4.4528,14.919,8.4265,1.5631,7.3894,4.4621,9.4565,1.4642,7.7783,0,7.7158,7.2728,0,6.2909
0,0,0,0,0,0,0,0,0,0,0,0,0,0,0
0,0,0,0,0,0,0,0,0,0,0,0,0,0,0
0,0,0,0,0,0,0,0,0,0,0,0,0,0,0
0,0,0,0,0,0,0,0,0,0,0,0,0,0,0
0,4.3002,0,7.7314,4.6485,3.8205,3.1309,8.1513,0,7.8933,9.1074,0.64054,4.3987,7.2524,6.0457
0,0,0,0,0,0,0,0,0,0,0,0,0,0,0
0,0,0,0,0,0,0,0,0,0,0,0,0,0,0
0,0.58723,0,0.90228,0,9.2001,0,0,0,0,0,0,0,0,0
0,0,0,0,0,0,0,0,0,0,0,0,0,0,0
0,0,0,0,0,0,0,0,0,0,0,0,0,0,0
0,0,0,0,0,0,0,0,0,0,0,0,0,0,0
0,0,0,0,0,0,0,0,0,0,0,0,0,0,0
0,0,0,0,0,0,0,0,0,0,0,0,0,0,0
0,0,0,0,0,0,0,0,0,0,0,0,0,0,0
0,0,0,0,0,0,0,0,0,0,0,0,0,0,0
0,4.8266,12.227,6.0405,5.8527,5.7605,1.2883,1.2302,8.9068,7.7906,3.2786,4.833,6.3202,8.0969,3.5674
0,0,0,0,0,0,0,0,0,0,0,0,0,0,0
0,0,0,0,0,0,0,0,0,0,0,0,0,0,0
0,0,0,0,0,0,1.0581,0,0,9.8007,0,0,0,0,0
0,2.0361,14.448,5.4758,5.6588,5.1989,2.3316,7.7533,5.6856,0,8.039,4.3741,0,8.1589,6.1964
0,0,0,0,0,0,0,0,0,0,0,0,0,0,0
0,0,0,0,0,0,0,0,0,0,0,0,0,0,0
0,0,0,0,0,0,0,0,0,0,0,0,0,0,0
0,0,0,0,0,0,0,0,0,0,0,0,0,0,0
0,0,0,0,0,0,0,0,0,0,0,0,0,0,0
0,0,0,0,0,0,0,0,0,0,0,0,0,0,0
0,0,0,0,0,0,0,0,0,0,0,0,0,0,0
0,0,0,0,0,0,0,0,0,0,0,0,0,0,0
0,0,0,0,0,0,0,0,0,0,0,0,0,0,0
0,0.33903,16.437,6.7525,2.0192,5.8577,1.4896,6.8812,5.94,7.6988,2.9962,5.4749,6.12,7.1769,6.9455
0,0,0,0,0,0,0,0,0,0,0,0,0,0,0
0,6.6496,0,0,0,0,7.2637,0,0,0,0,0,3.0513,0,0
0,5.4157,0,0,0,0,0.99741,0,0,0,0,0.86686,0,0,0
0,0,0,0,0,0,0,0,0,0,0,0,0,0,0
0,0,0,0,0,0,0,0,0,0,0,0,0,0,0
0,0,0,0,0,0,0,0,0,0,0,0,0,0,0
0,2.165,15.865,6.7109,7.2366,5.7478,1.0691,7.6383,0,7.7078,8.4399,3.8657,5.7984,8.2855,10.338
0,0,0,0,0,0,0,0,0,0,0,0,0,0,0
0,4.2241,14.662,6.6554,4.994,4.446,1.6644,6.701,8.506,8.4599,8.3753,6.0228,8.0068,8.1723,0
0,0,0,0,0,6.5916,0,8.5861,0,0,7.763,0,6.3818,0,0
0,4.0855,10.857,0,4.0538,5.7856,2.5346,7.5377,0,7.1926,8.3664,0,6.9705,9.0089,7.1115
0,0,0,0,0,0,0,0,0,0,0,0,0,0,0
0,0,0,0,0,0,0,0,0,0,0,0,0,0,0
0,0,0,0,0,0,0,0,0,0,0,0,0,0,0
0,6.0804,0,7.7247,0,0.50119,0,0,0,0.31863,0,0,0,0,0
0,7.544,6.6637,4.7638,8.2636,4.0376,6.6377,0,0,0,0,0,3.0664,0,6.4807
0,0,0,0,0,0,0,0,0,0,0,0,0,0,0
0,0,0,0,0,0,0,0,0,0,0,0,0,0,0
0,0,0,0,0,0,0,0,0,0,0,0,0,0,0
0,0,0,0,0,0,0,0,0,0,0,0,0,0,0
0,0,0,0,0,0,0,0,0,0,0,0,0,0,0
0,0,0,0,0,0,0,0,0,0,0,0,0,0,0
0,0,0,0,0,0,0,0,0,0,0,0,0,0,0
0,0,0,0,0,0,0,0,0,0,0,0,0,0,0
0,0,0,6.0098,0,7.5179,7.2258,0,0,0,0,0,0,0,0
0,0,0,0,0,0,6.593,0,0,0,9.9941,0,1.0157,0,0
0,0,0,0,0,0,0,0,0,0,0,0,0,0,0
0,1.3816,16.285,7.1429,2.436,5.8166,3.5458,0,3.7943,0,9.2541,5.9201,6.9185,8.6657,9.1353
0,0,0,6.6519,6.9946,7.5436,2.0142,8.2912,0,0,0.16821,7.1578,6.9474,9.2811,0
0,0,0,0,0,0,0,0,0,0,0,0,0,0,0
0,3.2797,0,0,5.8484,6.3125,4.3031,0,2.3595,7.4925,9.7662,0,1.6511,7.3237,0
0,0,0,0,0,0,0,0,0,0,0,0,0,0,0
0,0,0,0,0,0,0,0,0,0,0,0,0,0,0
0,0,0,0,0,0,0,0,0,0,0,0,0,0,0
0,0,0,0,0,0,0,0,0,0,0,0,0,0,0
0,4.464,15.344,8.4758,5.1692,0,4.1148,6.6824,0,0,0,0,0,0,5.6415
0,0,0,0,0,0,0,0,0,0,0,0,0,0,0
0,0,0,0,0,0,0,0,0,0,0,0,0,0,0
0,0,0,0,0,0,0,0,0,0,0,0,0,0,0
0,0,0,0,9.0359,0,5.5705,0,0,0,0,0,0,0,0
0,0,0,0,0,0,0,0,0,0.63702,0,0,0,10,0
0,7.0666,0,0,0,0,6.7901,0,0,0,0.29302,1.0984,0,0,0
0,0,0,0,0,0,0,0,0,0,0,0,0,0,0
0,0,0,0,0,0,0,0,0,0,0,0,0,0,0
0,0,0,0,0,0,0,0,0,0,0,0,0,0,0
0,0,0,0,8.4403,0,0.029051,0,0.14564,0,0,0,0.019305,0,0
0,0,0,0,0,0,0,0,0,0,0,0,0,0,0
0,0,0,0,0,0,0,0,0,0,0,0,0,0,0
0,5.4157,0,0,0,0,0.99741,0,0,0,0,0.86686,0,0,0
0,0,0,0,0,0,0,0,0,0,0,0,0,0,0
0,0,0,0,0,0,0,0,0,0,0,0,0,0,0
0,5.3037,10.376,0,7.0658,0,0,0,0,0,0,0,0,0,7.7158
0,5.5927,0,6.3771,0,0,0,0,0,0,9.2127,0,0,0,7.0902
0,0,0,0,0,0,0,0,0,0,0,0,0,0,0
0,0,0,0,0,0,0,0,0,0,0,0,0,0,0
0,0,0,0,0,0,0,0,0,0,0,0,0,0,0
0,2.5151,0.26402,6.6173,5.7554,5.6784,3.982,8.4389,7.374,8.0318,8.6,6.5279,5.1278,7.5997,10.211
0,0,0,0,0,0,0,0,0,0,0,0,0,0,0
0,0,0,0,0,0,0,0,0,0,0,0,0,0,0
0,0,0,0,0,0,0,0,0,0,0,0,0,0,0
0,6.7679,0,0,0,0,6.1048,0,0,5.7769,0.17579,0.69092,0,6.5498,8.5488
0,0,0,0,0,0,0,0,0,0,0,0,0,0,0
0,0,13.705,0,0,0,0,0,0,0,0,0,0,0,0
0,0,0,0,0,0,0,0,0,0,0,0,0,0,0
0,2.0611,14.29,4.6587,0,0,1.7829,0.12737,0,0,0,6.9622,8.2842,0,0
0,5.6326,8.0985,0.034811,8.0632,6.9465,5.1842,0,0,0,0,0,0,8.6977,0
0,3.4142,0,0,3.5248,5.9305,2.6454,0,9.7257,0,8.4948,0,0,8.0107,0
0,1.8509,0,8.2927,0,2.5586,3.5017,0,0,0,0,7.9121,8.566,0,0
0,0,0,7.7114,7.4996,0,0.74874,0,10.187,0,0,5.3054,4.9584,0,0
0,0,0,0,0,0,0,0,0,0,0,0,0,0,0
0,3.2023,0,8.0296,7.6988,3.2692,4.1314,0,0,9.2735,0,6.9737,6.7828,7.4454,8.9525
0,3.1423,13.182,0,5.4966,1.239,1.6708,0.23367,1.2638,0,8.7385,0,9.1248,0,0
2.895,1.5602,13.913,5.4721,1.7961,4.2541,3.3478,7.0928,8.6198,8.1755,8.4345,2.6919,5.1874,7.2467,6.9373
0,0,0,0,0,0,0,0,0,0,0,0,0,0,0
0,0,0,6.286,0,3.8648,0,0,0,0,8.3189,7.6148,0,9.5189,0
0,0,0,0,0,0,0,0,0,0,0,0,0,0,0
0,0,15.481,6.4187,2.2882,0,4.3076,0,5.3912,9.6716,0,0,6.9534,8.8461,0
0,5.0001,8.9573,7.8883,6.7267,0,1.7797,0,9.7822,0,3.8305,0,0,0,0
0,0,0,0,0,0,0,0,0,0,0,0,0,0,0
0,0,0,0,0,0,0,0,0,0,0,0,0,0,0
0,4.8345,0,0,5.6805,0,0,0,0,0,0,0,3.6644,0,0
0,5.4492,0,7.8945,5.8676,4.3257,5.4002,0,2.039,0.010814,0,0,1.4243,0,0
0,0,0,0,0,0,0,0,0,0,0,0,0,0,0
0,0,0,0,0,0,0,0,0,0,0,0,0,0,0
0,0,0,0,0,0,0,0,0,0,0,0,0,0,0
0,0,0,0,0,0,0,0,0,0,0,0,0,0,0
0,0,0,0,0,8.4844,0,0,0,0,0,7.0592,0,8.3249,0
0,0,0,0,0,0,0,0,0,0,0,0,0,0,0
0,0,9.6706,0,6.2683,0,1.3741,9.2562,0,0,8.8669,7.4808,7.1144,0,8.529
0,0,0,0,0,0,0,0,0,0,0,0,0,0,0
0,0,0,0,0,0,0,0,0,0,0,0,0,0,0
0,0,0,0,9.3577,0,5.584,0,0,0,0,0,0,11.096,0
0,6.5914,11.761,0,0,9.2557,0.72828,0,0,0,0,0,4.5305,0,0
0,0,0,0,0,0,0,0,0,0,0,0,0,0,0
0,0,0,0,0,0,0,0,0,0,0,0,0,0,0
0,0,0,0,0,0,0,0,0,0,0,0,0,0,0
0,2.4371,13.836,5.7674,5.9307,5.5719,2.8322,9.2138,8.2107,9.0536,10.891,6.1642,6.0691,9.0043,8.8806
0,0,19.274,0,0,7.3426,3.8468,0,7.5552,0,7.2577,5.3292,0,0,0
0,0,15.738,0,5.7057,7.4552,0,0,9.9881,0,10.239,6.5273,0,0,0
0,0,0,0,0,0,0,0,0,0,0,0,0,0,0
0,0,0,0,0,0,0,0,0,0,0,0,0,0,0
0,0,0,0,0,0,0,0,0,0,0,0,0,0,0
1.2531,3.0223,14.854,6.9281,3.7497,1.2327,1.1069,6.0533,7.4354,8.8353,8.0561,4.3221,6.2227,7.2619,7.4335
0,0,0,0,0,0,0,0,0,0,0,0,0,0,0
0,0,0,0,0,0,0,0,0,0,0,0,0,0,0
0,0.85474,15.664,0,2.2711,6.1708,3.5589,7.7944,7.8338,0,0,7.1557,7.5392,0,8.4521
0,0,0,0,0,0,0,0,0,0,0,0,0,0,0
0,3.2017,13.442,5.848,0,3.8559,1.9999,0,4.9862,8.5051,7.8613,0,6.4739,0,8.0081
0,0,0,0,0,0,0,0,0,0,0,0,0,0,0
4.7349,2.1431,0,5.4697,6.7816,5.7837,0.19582,6.7894,0,6.9409,7.4441,6.0653,4.6407,4.225,7.4463
0,0,0,0,0,0,0,0,0,0,0,0,0,0,0
0,0,0,0,0,0,0,0,0,0,0,0,0,0,0
0,0,0,0,0,0,0,0,0,0,0,0,0,0,0
0,0,0,0,0,0,0,0,0,0,0,0,0,0,0
0,4.1485,14.977,0,6.0107,6.1547,2.3881,8.1097,1.7506,9.8848,7.9369,0,5.473,7.0722,8.872
0,5.8072,0,0,0.58934,0,6.1074,0,0,0,0.87329,0.061094,0,0,0
0,0,0,0,0,0,0,0,0,0,0,0,0,0,0
0,0,0,0,0,0,0,0,0,0,0,0,0,0,0
0,3.3744,0,4.603,7.0535,3.3208,2.5211,6.937,4.8007,6.8454,0,8.1679,6.0455,7.738,8.6604
0,0,0,0,0,0,0,0,0,0,0,0,0,0,0
0,0,0,0,0,0,0,0,0,0,0,0,0,0,0
0,0,0,0,0,0,0,0,0,0,0,0,0,0,0
0,0,0,0,6.3466,0,4.2153,0,4.5606,0,0,0,0,0,0
0,0,0,0,0,0,0,0,0,0,0,0,0,0,0
0,4.5712,0,7.9994,6.8856,6.41,0.71462,0,7.723,0,0.81777,0,0,8.8671,7.9864
0,4.9483,15.248,0,0,3.4517,0,0,0,8.8202,0,5.5033,3.7966,7.6196,3.2009
0,0,0,0,0,0,0,0,0,0,0,0,0,0,0
0,0,0,0,0,0,0,0,0,0,0,0,0,0,0
0,0,0,0,0,0,0,0,0,0,0,0,0,0,0
0,0,0,0,8.4293,0,0,0,0,0,0,0,5.5778,0,0
0,0,0,0,0,0,0,0,0,0,0,0,0,0,0
0,8.0897,0,3.241,0,5.6027,5.0888,0,0,0,0,0,0,0,0
0,0,0,0,0,0,0,0,0,0,0,0,0,0,8.8608
0,2.6337,0,7.9094,7.9089,0,2.2804,7.3096,0,0,8.5135,0,3.199,8.8394,8.5632
0,2.9565,0,5.6275,0,0,3.4006,1.4929,0,0,0,7.376,8.7905,0,0
0,0,0,0,0,0,0,0,0,0,0,0,0,0,0
0,0,0,0,0,0,0,0,0,0,0,0,0,0,0
0,3.0788,15.837,6.9464,6.1529,7.7535,2.59,2.9151,6.8066,9.9767,7.6325,5.5979,5.803,7.4087,8.0596
0,0,0,0,0,0,0,0,0,0,0,0,0,0,0
0,0,0,0,0,0,0,0,0,0,0,0,0,0,0
0,2.6511,11.603,0,0,7.7154,4.5695,0,6.1038,7.6428,0.45254,0,8.179,0,0
0,0,0,0,0,0,0,0,0,0,0,0,0,0,0
0,0,0,0,0,0,0,0,0,0,0,0,0,0,0
0,8.3765,0,0,4.0067,0.46227,5.1962,0,0,0,0,0,0,0,0
0,0,0,0,0,0,0,0,0,0,0,0,0,0,0
0,0,0,0,0,0,0,0,0,0,0,0,0,0,0
0,0,0,0,0,0,0,0,0,0,0,0,0,0,0
0,0,0,0,0,0,0,0,0,0,0,0,0,0,0
0,0,0,0,0,0,0,0,0,0,0,0,0,0,0
0,0,0,0,0,0,0,0,0,0,0,0,0,0,0
0,0,0,0,0,0,0,0,0,0,0,0,0,0,0
0,0,0,0,0,0,0,0,0,0,0,0,0,0,0
0,0,0,0,0,0,0,0,0,0,0,0,0,0,0
0,0,13.677,2.7896,4.9724,6.6644,3.0764,0,7.6328,0,8.2765,5.7914,6.8581,6.2913,9.0619
0,0,0,0,0,0,0,0,0,0,0,0,0,0,0
0,0,0,0,0,6.1894,3.4202,0,0,0,10.264,0,6.9407,7.9744,8.4913
0,1.3357,13.501,0,0,1.8557,2.1616,0,0,0,8.2454,0,0.84417,0,8.4062
0,2.371,14.836,0,8.1992,3.3276,2.6136,8.4114,5.0493,10.29,0,7.0964,5.0478,9.7486,8.0711
0,0,0,0,0,0,0,0,0,0,0,0,0,0,0
0,0,0,0,0,0,0,0,0,0,0,0,0,0,0
0,5.4111,0,0,2.8705,1.3592,3.5493,0,0,0,9.3187,0,1.3948,0,9.0422
0,0,0,0,0,0,0,0,0,0,0,0,0,0,0
0,0,0,0,0,0,0,0,0,0,0,0,0,0,0
0,0,0,0,0,0,0,0,0,0,0,0,0,0,0
0,0,0,0,0,0,0,0,0,0,0,0,0,0,0
0,0,0,0,0,0,0,0,0,0,0,0,0,0,0
0,0,0,0,0,0,0,0,0,0,0,0,0,0,0
0,0,0,0,0,0,0,0,0,0,0,0,0,0,0
0,0,0,0,0,0,0,0,0,0,0,0,0,0,0
0,7.1338,0,0,6.4116,0,6.891,0,0,0,0,0,0,0,0
0.54671,2.3032,12.446,5.564,5.693,4.8686,1.1199,0.037327,0,7.5091,8.64,6.1733,8.303,8.4732,0
0,0,0,0,0,0,0,0,0,0,0,0,0,0,0
0,0.79923,0,0,0,0,8.0106,0,0,1.2014,0,0,0,8.1406,0
2.7095,3.2595,14.672,6.1247,5.6467,6.4138,2.715,8.3496,8.7852,8.9377,8.4663,4.6202,5.8146,8.2555,7.1772
0,0,0,7.8998,0.41971,4.8207,4.3337,0,0.97328,0,0,8.2646,6.7737,11.667,6.6751
0,4.4265,0,0.55242,0,0,6.3034,0,0,0,0,0,0,0,0
0,0,0,0,0,0,0,0,0,0,0,0,0,0,0
0,0,0,0,0,0,0,0,0,0,0,0,0,0,0
0,0,0,0,0,0,0,0,0,0,0,0,0,0,0
0,5.6073,10.666,0,0,0,10.947,0,0,0,1.1817,0,1.2917,0,0
0,2.7259,0,0.062766,0,2.2532,6.3892,0,0,5.8545,0,0,0.74025,0,0.82431
0,0,0,0,0,0,0,0,0,0,0,0,0,0,0
0,0,0,0,0,0,0,0,0,0,0,0,0,0,0
7.634,1.8226,14.989,6.5528,4.9156,5.8638,2.8818,7.4173,5.9468,6.9199,8.062,6.1962,3.73,7.2991,7.1771
0,0,0,0,0,0,0,0,0,0,0,0,0,0,0
0,0,0,0,0,0,0,0,0,0,0,0,0,0,0
0,0,0,0,0,0,0,0,0,0,0,0,0,0,0
0,0,0,0,0,0,0,7.9936,9.6302,0,0,0,0,0,0
0,0,0,0,0,0,0,0,0,0,0,0,0,0,0
0.58593,2.8606,10.827,6.3102,4.6278,3.1258,0.91593,0,8.6178,7.7477,8.0148,5.576,6.2893,8.5366,8.4857
0,0,0,0,0,0,0,0,0,0,0,0,0,0,0
0,0,0,0,0,0,0,0,0,0,0,0,0,0,0
0,3.7592,14.755,6.2909,1.3766,4.2035,1.9924,0,5.0818,8.0567,1.2301,5.0835,7.0438,8.3101,9.8972
0,0,0,0,0,0,0,0,9.9816,0,0,0,6.7137,0,0
0,0,0,0,0,0,0,0,0,0,0,0,0,0,0
0,0,0,0,0,0,0,0,0,0,0,0,0,0,0
0,0,0,0,0,0,0,0,0,0,0,0,0,0,0
0,0,0,0,0,0,0,0,0,0,0,0,0,0,0
0,0,0,0,0,0,0,0,0,0,0,0,0,0,0
0,6.9377,0,0,0,4.7077,0,0,0,0.18203,0,0,1.3114,0,0
0,4.3514,0,7.6322,0,3.9957,4.4064,7.1136,7.004,0,0.28784,0.57092,0,7.6532,0
0,1.6858,0,7.2479,7.6951,6.7326,3.8312,0,2.7374,6.855,0,8.1409,0,0,0
0,0,0,0,0,0,0,0,0,0,0,0,0,0,0
0,0,0,0,0,0,0,0,0,0,0,0,0,0,0
0,3.4668,0,0,0,0,5.0936,6.9548,0,0,0,0,6.0791,0,0
0,0,0,6.1223,8.2694,5.9789,3.7511,0,0,7.2471,8.3232,0,0,7.9265,8.429
0,0,0,0,0,0,4.6337,0,9.5475,1.0313,0,0,0,10.146,0
0,0,0,0,0,0,0,0,0,0,0,0,0,0,0
0,0,12.552,8.2092,4.1584,0,2.7868,0,7.5756,0.097282,0.014375,0,8.5658,0,8.0429
0,0,0,0,0,0,0,0,0,0,0,0,0,0,0
0,0,0,0,0,0,0,0,0,0,0,0,0,0,0
0,0,0,0,0,0,0,0,0,0,0,0,0,0,0
0,0,0,0,0,0,0,0,0,0,0,0,0,0,0
0,0,0,0,0,0,0,0,0,0,0,0,0,0,0
0,0,0,0,0,0,0,0,0,0,0,0,0,0,0
0,0,14.744,0,7.4812,0,5.0441,0,0,0,0,0,0,0,0
0,0,0,0,0,0,0,0,0,0,0,0,0,0,0
0,0,0,0,0,0,0,0,0,0,0,0,0,0,0
0,0,0,0,0,0,0,0,0,0,0,0,0,0,0
0,0,0,0,0,0,0,0,0,0,0,0,0,0,0
0,0,0,6.9658,5.1855,6.8373,2.5701,0,10.992,7.3957,0,0,5.615,0,0
0,0,0,0,0,0,0,0,0,0,0,0,0,0,0
0,0,0,0,0,0,0,0,0,0,0,0,0,0,0
0,0,0,0,0,0,0,0,0,0,0,0,0,0,0
0,0,0,0,0,0,0,0,0,0,0,0,0,0,0
0,0,0,0,0,0,6.2606,0,0,0,0,0,0,0,0
0,5.2244,0,8.9657,5.0183,2.3249,6.4115,0,0,0,0,7.0353,0,7.4537,0
0,0,0,0,0,0,0,0,0,0,0,0,0,0,0
0,0,0,0,0,0,0,0,0,0,0,0,0,0,0
0,0,0,0,0,0,0,0,0,0,0,0,0,0,0
0,0,0,0,0,0,0,0,0,0,0,0,0,0,0
0,0,0,0,0,0,0,0,0,0,0,0,0,0,0
0,0,0,0,0,0,0,0,0,0,0,0,0,0,0
0,0,0,0,0,0,0,0,0,0,0,0,0,0,0
0,5.5817,0,5.8172,0,0.24156,2.6603,0,9.9409,0,0,0,2.8509,0,0
0,0,0,0,0,0,0,0,0,0,0,0,0,0,0
0,0,0,0,0,0,0,0,0,0,0,0,0,0,0
0,3.6874,12.876,6.0647,0,3.208,0,0,0,8.7117,8.6771,0,7.2779,8.9037,0
0,3.1758,0,7.7017,0,7.3421,0,0,2.8556,0,7.9801,0.02063,6.4556,0,9.0773
0,0,0,0,0,0,0,0,0,0,0,0,0,0,0
0,0,0,0,0,0,0,0,0,0,0,0,0,0,0
0,0,0,0,0,0,0,0,0,0,0,0,0,0,0
0,0,0,0,0,0,0,0,0,0,0,0,0,0,0
0,2.6212,11.887,7.0052,5.772,0,3.6304,0,4.0789,0,0,5.9555,0,0,8.2329
0,0,0,0,0,0,0,0,0,0,0,0,0,0,0
0,0,0,0,0,0,0,0,0,0,0,0,0,0,0
0,0,0,0,0,0,0,0,0,0,0,0,0,0,0
0,0,0,0,0,0,0,0,0,0,0,0,0,0,0
0,6.9137,0,0,0,0,5.2522,0,0,6.0007,0,1.1883,0,0,0
0,4.4015,0,0,0,0,6.31,0,0,0,0,0.091829,0.29762,0,0
0,0,0,0,0,0,0,0,0,0,0,0,0,0,0
0,0,0,0,0,0,0,0,0,0,0,0,0,0,0
0,3.2171,0,5.2592,7.4179,5.2906,0.93855,0.70776,5.3053,8.1105,9.4777,0,8.3688,7.1625,0
0,0,0,0,0,0,0,0,0,0,0,0,0,0,0
0,0,11.012,0,0,0,2.6438,6.6772,8.1388,7.8437,0,5.28,4.9758,6.1963,8.8712
0,1.6834,0,6.6287,6.3967,6.5357,1.4865,8.7364,4.4362,0,8.7902,5.3966,6.8021,10.09,6.6118
0,0,0,0,0,0,0,0,0,0,0,0,0,0,0
0,1.4073,0,7.1403,9.3675,7.6508,0,0,0,7.0082,0,0,0,0,0
0,0,0,0,0,0,0,0,0,0,0,0,0,0,0
0,4.7561,8.7995,4.2575,0,0,0,7.4075,9.6868,8.3371,0,4.2056,6.0396,7.5366,0
0,0,0,0,0,0,0,0,0,0,0,0,0,0,0
0,0,0,0,0,0,0,0,0,0,0,0,0,0,0
0,3.745,0.51793,0,9.1102,1.5389,0.86027,0,0,8.0279,8.7129,6.5286,5.8458,0,9.6219
0,0,0,0,0,0,0,0,0,0,0,0,0,0,0
0,0,0,0,0,0,0,0,0,0,0,0,0,0,0
0,0,0,0,0,0,0,0,0,0,0,0,0,0,0
0,0,0,0,0,0,0,0,0,0,0,0,0,0,0
0,0,0,0,0,0,0,0,0,0,0,0,0,0,0
0,4.0054,0,6.53,8.3644,4.766,3.4602,0,0,0,0.16647,0,6.7175,0,8.0893
0,5.1016,0,0,5.8465,0,0,0,0,8.0276,0,0,0,0,0
0,4.3012,1.3602,8.3443,6.7553,0,3.6347,6.3722,9.8273,0,0,6.7799,0,0,0
0,0,0,0,0,0,0,0,0,0,0,0,0,0,0
0,0,0,0,0,0,0,0,0,0,0,0,0,0,0
0,0,0,0,0,0,0,0,0,0,0,0,0,0,0
0,0,0,0,0,0,0,0,0,0,0,0,0,0,0
0,0,0,0,0.72398,0,0,0,0,11.108,0,0,0,7.9563,0
0,5.5649,11.209,0,0,0,4.1171,0,0,9.7762,0,0,0,7.3938,4.0222
0,5.9605,14.991,5.2784,7.6088,6.8677,4.0059,0,8.5912,0,0.011682,4.4379,1.323,6.879,1.5822
0,0,0,0,0,0,0,0,0,0,0,0,0,0,0
0,0,0,0,0,0,0,0,0,0,0,0,0,0,0
0,4.7927,0,0,0,0.15387,6.2364,0,0,0,0,0.78122,8.5924,0,0
0,2.8039,12.94,6.0055,6.2988,5.9603,0.22541,6.6983,7.6357,6.7068,8.519,0,5.3163,0,6.8599
0,0,0,0,0,0,0,0,0,0,0,0,0,0,0
0,0,0,0,0,0,0,0,0,0,0,0,0,0,0
0,0,0,0,0,0,0,0,0,0,0,0,0,0,0
0,0,0,0,0,0,0,0,0,0,0,0,0,0,0
0,0,0,0,0,0,0,0,0,0,0,0,0,0,0
0,0,0,0,0,0,0,0,0,0,0,0,0,0,0
0,0,0,0,0,0,0,0,0,0,0,0,0,0,0
0,0,0,0,0,0,0,0,0,0,0,0,0,0,0
0,0,0,0.55556,0,0,6.366,0,0,0,0,0,0,0,0
0,0,0,0,0,0,0,0,0,0,0,0,0,0,0
0,0,0,0,0,0,0,0,0,0,0,0,0,0,0
0,0,0,0,0,0,0,0,0,0,0,0,0,0,0
0,0,0,0.43792,0,0,6.2873,0,0,0,0,0,0,0,0
0,0,0,0,0,0,0,0,0,0,0,0,0,0,0
0,0,0,8.5402,0,6.2958,0,0,0,0.088543,0,0,0,0.09411,0
0,0.30279,0,0,0,7.7484,0,0,0,0,0,0,0,0.059523,0
0,0,0,0,0,0,0,0,0,0,0,0,0,0,0
0,0,0,0,0,0,0,0,0,0,0,0,0,0,0
0,0,0,0,0,0,0,0,0,0,0,0,0,0,0
0,0,0,0,0,0,0,0,0,0,0,0,0,0,0
0,3.1065,12.704,5.4964,5.4619,4.7563,1.7381,0,3.047,9.0021,8.6598,0,8.3292,6.7481,0
0,3.2086,0,0,4.2431,0,5.9922,0,0,0,0,0,8.286,0,0
0,0,9.0888,0,0,6.5084,4.3682,0,10.693,0,10.044,3.3973,0,5.6601,7.5481
0,0,0,3.8943,4.7993,10.128,3.7195,7.1374,9.3649,9.1776,0.03934,0,5.35,8.3162,8.424
0,0,0,0,0,0,0,0,0,0,0,0,0,0,0
0,5.6378,0,1.6117,8.9452,3.3721,4.6871,0,0,0,0,0.30395,0,0,0
0,0,0,0,0,0,0,0,0,0,0,0,0,0,0
0,0,0,0,0,0,0,0,0,0,0,0,0,0,0
0,0,0,0,0,0,0,0,0,0,0,0,0,0,0
0.03969,2.2158,12.723,5.8642,7.1761,2.6832,1.313,8.7531,8.5252,7.6797,2.5335,3.9659,6.4452,8.1143,8.1389
0,0,0,0,0,0,0,0,0,0,0,0,0,0,0
0,0,0,0,0,0,0,0,0,0,0,0,0,0,0
0,0,0,0,0,0,0,0,0,0,0,0,0,0,0
0,0,0,0,0,0,0,0,0,0,0,0,0,0,0
0,0.46847,0,0.7198,0,7.3395,0,0,0,0,0,0,0,0,0
0,6.7701,6.2696,0,8.4606,0,0,0,0,0,0,0,0,0,7.2747
0,0,0,0,0,0,0,0,0,0,0,0,0,0,0
0,0,0,0,0,0,0,0,0,0,0,0,0,0,0
0,0,0,0,0,0,0,0,0,0,0,0,0,0,0
0,0,0,0,0,0,0,0,0,0,0,0,0,0,0
0,0,0,0,0,0,0,0,0,0,0,0,0,0,0
0,0,0,0,0,0,0,0,0,0,0,0,0,0,0
0,0,0,0,0,0,0,0,0,0,0,0,0,0,0
0,0,0,0,0,0,0,0,0,0,0,0,0,0,0
0,3.3934,0,0,6.1149,0,4.6843,9.6481,8.9732,0,0.36201,7.4597,3.2981,8.6429,0
0,0,0,0,0,0,0,0,0,0,0,0,0,0,0
0,0,12.708,0,4.6091,7.6215,0,6.9756,4.2062,7.5885,0,7.2742,6.401,7.8582,7.6277
0,0,14.562,0,0,0,0,0,0,0,0,0,0,0,0
0,0,0,0,0,0,0,0,0,0,0,0,0,0,0
0,4.6603,1.3121,6.2761,7.8128,2.2911,1.7483,0.65146,0,0,1.8722,8.1495,7.0756,0,8.9592
0,0,0,0,0,0,0,0,0,0,0,0,0,0,0
0,0,0,0,0,0,0,0,0,0,0,0,0,0,0
0,5.3953,0,7.3293,3.0742,0,0,0,0,0,0,9.1808,0,0,0
0,0,0,0,0,0,0,0,0,0,0,0,0,0,0
0,0,0,0,0,0,0,0,0,0,0,0,0,0,0
0,0,0,0,0,0,0,0,0,0,0,0,0,0,0
0,9.4768,7.9157,4.5151,5.4381,3.4035,4.5695,4.1925,0,3.4119,0,3.8137,0,6.5747,2.8269
0,2.679,0,0,9.0571,0,4.5252,0,2.9491,0,1.4039,0,8.1617,0,0
0,0,0,0,0,0,0,0,0,0,0,0,0,0,0
0,0,0,0,0,0,0,0,0,0,0,0,0,0,0
0,0,0,0,0,0,0,0,0,0,0,0,0,0,0
0,0,0,0,0,0,0,0,0,0,0,0,0,0,0
0,0,0,0,0,0,0,0,0,0,0,0,0,0,0
0,0,0,0,0,0,0,0,0,0,0,0,0,0,0
0,0,0,0,0,0,0,0,0,0,0,0,0,0,0
0,6.3232,7.0729,0,4.4455,0,5.6236,7.6111,0,0,0,5.8274,0,0,0
0,0.041379,0,0,0,0,6.9336,0,0,0,0,0,0,0,0
0,0,0,0,0,0,0,0,0,0,0,0,0,0,0
0,0,0,0,0,0,0,0,0,0,0,0,0,0,0
0,0,0,0,0,0,0,0,0,0,0,0,0,0,0
0,0,0,0,0,0,0,0,0,0,0,0,0,0,0
0,3.3622,0,4.9035,0,2.514,4.7083,7.9174,0,8.1583,0.44487,1.575,6.7823,0,7.696
0,0,0,0,0,0,0,0,0,0,0,0,0,0,0
0,0,0,0,0,0,0,0,0,0,0,0,0,0,0
0,3.4356,10.93,7.2227,5.7585,4.912,2.3811,6.6717,4.07,7.4069,0,6.529,5.1208,8.7647,8.4689
0,0,0,0,0,0,4.7976,0,0,0,0,0,0.13911,0,0
0,0,0,6.1275,0,0,4.8418,8.4066,0,9.7736,0,0,0,7.5388,0
0,0,0,0,0,0,0,0,0,0,0,0,0,0,0
0,0,0,0,0,0,0,0,0,0,0,0,0,0,0
0,5.9045,0,0,5.5219,0,5.4848,0,0,0,0.016069,0,0,0,0
0,0,0,0,0,0,0,0,0,0,0,0,0,0,0
0,0,0,0,0,0,0,0,0,0,0,0,0,0,0
0,0,0,0,0,0,0,0,0,0,0,0,0,0,0
0,0,0,0,0,0,0,0,0,0,0,0,0,0,0
0,6.1494,0,4.3378,0,0.75646,0,0,0,0,0,0,0,0,10.728
0,0,0,0,0,0,0,0,0,0,0,0,0,0,0
0,0,0,0,0,0,0,0,0,0,0,0,0,0,0
0,0,0,0,0,0,0,0,0,0,0,0,0,0,0
0,0,0,0,0,0,0,0,0,0,0,0,0,0,0
0,3.1648,15.274,6.8033,5.1742,5.5935,1.9524,7.734,5.3079,7.8043,9.7076,4.9007,5.6424,8.638,9.6516
0,0,0,0,0,0,0,0,0,0,0,0,0,0,0
0,0,0,0.60108,0,0,8.6298,0,0,0,0,0,0,0,0
0,4.9858,0,0,9.2955,7.3058,0,0,0,0,8.7255,0,0,0,0
0,0,0,0,0,0,0,0,0,0,0,0,0,0,0
0,0.58247,0,6.5635,7.6017,0,0,0,0,0,0,0,0,0,0
0,0,0,0,0,0,0,0,0,0,0,0,0,0,0
0,0,0,0,0,0,0,0,0,0,0,0,0,0,0
0,0,0,0,0,0,0,0,0,0,0,0,0,0,0
0,5.9048,0,5.1129,0,4.1712,3.9208,0,10.352,0,0,0,7.3159,0,0
0,0,0,0,0,0,0,0,0,0,0,0,0,0,0
0,0,0,0,0,0,0,0,0,0,0,0,0,0,0
0,0,0,0,0,0,0,0,0,0,0,0,0,0,0
0,0.27523,0,0,8.1649,0,0,0,0,0,0,0,0,0,0
0,0,0,0,0,0,0,0,0,0,0,0,0,0,0
0,0,0,0,0,0,0,0,0,0,0,0,0,0,0
0,0,0,0,0,0,0,0,0,0,0,0,0,0,0
0,0,0,0,0,0,5.4985,0,0,0,0,0,0,0,0
0,2.5044,14.69,3.7392,4.5351,6.1821,3.4466,0,4.5121,8.138,7.6508,0,5.5675,8.3914,0
0,4.0512,12.797,0.78044,6.5798,4.0277,3.6235,0,0,0,0,8.0397,7.226,9.244,0
0,0,0,0,0,0,0,0,0,0,0,0,0,0,0
0,0,0,0,0,0,0,0,0,0,0,0,0,0,0
0,0,0,0,0,0,0,0,0,0,0,0,0,0,0
0,0,0,0,0,0,0,0,0,0,0,0,0,0,0
0,4.0706,0,7.3188,0,1.2546,0,0,0,0,0,0,4.3922,0,0
0,0,0,0,0,0,0,0,0,0,0,0,0,0,0
0,0,0,0,0,0,0,0,0,0,0,0,0,0,0
0,0,0,0,0,0,0,0,0,0,0,0,0,0,0
0,0,0,0,0,0,0,0,0,0,0,0,0,0,0
0,3.5459,13.748,4.8417,7.5225,5.3177,3.326,8.1388,2.7772,0.24237,0,4.7554,3.1325,7.8744,8.4246
4.3714,3.4101,13.734,3.5188,6.3777,5.8177,3.416,6.241,7.7657,7.0072,5.838,4.6893,3.9518,7.3099,8.9265
0,0,0,0,0,0,0,0,0.083156,0,0,0,0,10.049,0
0,0,0,0,0,0,0,0,0,0,0,0,0,0,0
0,0,0,0,0,0,0,0,0,0,0,0,0,0,0
0,0,0,0,0,0,0,0,0,0,0,0,0,0,0
0,6.9151,0,8.6353,0,3.7925,0,0,0,0,0,0,0,0,0
0,0,0,0,0,0,0,0,0,0,0,0,0,0,0
0,0,0,0,0,0,0,0,0,0,0,0,0,0,0
0,0,0,0,0,0,0,0,0,0,0,0,0,0,0
0,0,0,0,0,0,0,0,0,0,0,0,0,0,0
0,0,0,0,0,0,0,0,0,0,0,0,0,0,0
0,0,0,0,0,0,0,0,0,0,0,0,0,0,0
0,0,0,0,0,0,0,0,0,0,0,0,0,0,0
0,0.433,13.543,7.3974,3.6073,5.6928,3.4107,6.6141,3.9319,7.176,1.4888,6.0549,6.8089,7.7625,0
6.8614,1.5615,11.778,4.3563,3.7528,5.3883,1.9723,5.137,7.2014,5.403,7.2326,4.0161,5.3123,5.5146,7.5264
0,0,0,0,0,0,0,0,0,0,0,0,0,0,0
0,0,0,0,0,0,0,0,0,0,0,0,0,0,0
0,0,0,0,0,0,0,0,0,0,0,0,0,0,0
0,0,0,0,0,0,0,0,0,0,0,0,0,0,0
0,0,0,0,0,0,0,0,0,8.1597,0,0,0,0,9.4037
5.9027,4.3951,13.217,2.4085,2.4729,7.3053,1.6293,6.7771,8.7144,7.7314,7.1517,2.9778,4.0203,5.418,7.9274
0,2.0968,13.775,4.8529,0,6.7022,3.1526,6.6288,7.1804,8.6053,8.1452,5.7999,6.309,7.8777,7.7565
0,0,0,0,0,0,0,0,0,0,0,0,0,0,0
0,0,0,0,0,0,0,0,0,0,0,0,0,0,0
0,0,0,0,0,0,0,0,0,0,0,0,0,0,0
0,0,0,0,0,0,4.2664,7.9126,0,10.281,0,0,5.2762,0,0
0,0,0,0,0,0,0,0,0,0,0,0,0,0,0
0,0,0,0,0,0,0,0,0,0,0,0,0,0,0
0,3.9415,13.972,7.5006,0,4.9073,0,0,2.7249,9.0466,0,0,5.8779,0,7.1685
0,0,0,0,0,0,0,0,0,0,0,0,0,0,0
0,2.3822,15.064,4.5415,7.3425,5.5953,0,7.4294,0,0,0,6.6075,0,0,0
0,5.7914,10.316,0,2.0827,4.2545,5.1982,0,0,9.0151,2.032,0,0.027861,7.1821,0
0,0,0,0,0,0,0,0,0,0,0,0,0,0,0
0,0.55968,0,0,0.75168,0,6.4013,0.055316,0,0,0.32056,0,0,0.92938,0
0,0,0,0,0,0,0,0,0,0,0,0,0,0,0
0,0,0,0,0,0,0,0,0,0,0,0,0,0,0
0,1.8428,14.382,8.7895,6.5609,7.3795,4.5836,9.6701,10.009,8.6766,9.3785,6.6593,5.823,9.4941,8.6403
0,0,0,0,0,0,0,0,0,0,0,0,0,0,0
0,0,0,0,0,0,0,0,0,0,0,0,0,0,0
0,0,0,0,0,0,0,0,0,0,0,0,0,0,0
0,4.7353,10.014,7.5876,7.6348,7.9782,5.1072,8.9016,3.4773,10.229,0,7.8938,6.7723,10.125,9.3339
0,0,0,0,0,0,0,0,0,0,0,0,0,0,0
0,0,0,0,0,0,0,0,0,0,0,0,0,0,0
0,0,0,7.9475,0,0,6.2687,0.51242,0,0,0,0,0,0,0
0,0,0,0,0,0,0,0,0,0,0,0,0,0,0
0,0,0,0,0,0,4.7976,0,0,0,0,0,0.13911,0,0
0,0,0,0,0,0,0,0,0,0,0,0,0,0,0
0,0,0,0,0,0,0,0,0,0,0,0,0,0,0
0,0,0,0,0,0,0,0,0,0,0,0,0,0,0
0,0,0,0,0,0,0,0,0,0,0,0,0,0,0
0,0,0,0,0,0,0,0,0,0,0,0,0,0,0
0,0,0,0,1.3668,0,6.2726,0,0,0,0,0,0,0,0
0,3.8715,0,0,0,3.0446,0.40756,0,0,0,0,0,0.70968,0,0.42138
0,0,0,0,0,0,0,0,0,0,0,0,0,0,0
0,0,0,0,0,0,0,0,0,0,0,0,0,0,0
0,0,0,0,0,0,0,0,0,0,0,0,0,0,0
0,0,0,0,0,0,0,0,0,0,0,0,0,0,0
3.379,1.5095,13.105,4.8104,6.9027,5.3249,1.2139,8.2374,10.571,7.6581,7.3548,5.4473,5.8268,8.7598,6.1974
0,0,12.738,4.9523,7.7864,0,2.0937,0,7.1289,7.5838,8.8161,5.4616,0,6.7827,6.8953
0,1.1775,9.4484,6.8035,5.2469,3.1841,1.6371,6.4767,10.299,8.6377,8.4192,5.211,6.7949,8.3722,9.0808
0,2.961,15.015,4.2303,3.1686,4.7679,3.5455,0,0,0,0,6.8772,8.3341,6.8414,0.70708
0,3.7247,0,7.6567,6.856,0.0065048,1.9672,7.4641,5.5583,7.1162,0,7.2576,6.2708,9.645,7.4491
0,0,0,0,0,0,0,0,0,0,0,0,0,0,0
0,2.1248,9.6704,6.914,3.9859,2.9422,2.4601,0,8.6603,7.6572,8.9228,3.8018,5.4283,0,8.9818
0,0,0,0,0,0,0,0,0,0,0,0,0,0,0
0,0,0,0,0,0,0,0,0,0,0,0,0,0,0
0,0,0,0,0,0,0,0,0,0,0,0,0,0,0
0,0,0,0,0,0,0,0,0,0,0,0,0,0,0
0,0,0,0,0,0,0,0,0,0,0,0,0,0,0
0,0,0,0,0,0,0,0,0,0,0,0,0,0,0
0,3.6883,0,0,0,0,6.1382,0,0,0,0,1.4574,0,0,0
0,1.219,0,8.4504,0,5.087,5.501,8.3177,0,0,0,8.3697,0,0,0
0,0,13.882,0,0,6.8156,2.88,0,0,0,0,0,0,7.2581,8.5991
0,3.3399,0,7.3556,6.0839,0.18767,2.8652,0,8.5172,9.2858,0.050385,7.5651,0.33491,0,8.5344
0,0,0,0,0,0,0,0,0,0,0,0,0,0,0
0,2.2333,13.256,5.919,5.7732,6.2602,2.5814,8.5518,8.2898,8.5596,8.6264,4.8082,5.4255,7.9457,7.4933
0,1.9932,14.498,4.301,0,0,2.6276,7.7856,4.3343,0,9.2148,6.4657,4.6151,7.6189,0
0,0.70811,13.743,0,0,0,0,0,3.0465,0,0,0,0,0,0
0,0.65174,0,7.4643,7.9608,5.3341,4.0339,7.2519,0.22364,0,0,8.2699,0,2.1583,8.5818
0,0,0,0,0,0,0,0.0056851,0,0,0,0,0,0,9.4958
0,0,14.562,0,0,0,0,0,0,0,0,0,0,0,0
0,0,0,0,0,0,0,0,0,0,0,0,0,0,0
0,0,0,0,0,0,0,0,0,0,0,0,0,0,0
9.6508,2.384,14.708,5.4681,3.5682,5.451,1.4498,5.1245,7.3376,6.3033,7.6548,2.8439,4.5922,6.323,4.5604
0,0,0,0,0,0,0,0,0,0,0,0,0,0,0
0,0,0,0,0,6.5391,0,6.9794,9.582,0,0,0,0,0,0
0,0,0,0,0,0,0,0,0,0,0,0,0,0,0
0,0,0,0,0,0,0,0,0,0,0,0,0,0,0
0,0.35773,0,0,0,5.7826,2.918,0,7.9988,0,10.552,0,7.3961,8.7335,0
0,0,0,0,0,0,0,0,0,0,0,0,0,0,0
0,0,0,0,0,0,0,0,0,0,0,0,0,0,0
0,2.6123,0,7.5212,0,7.4106,6.5255,7.2631,0,0,1.4992,0,0,0,0
0,0,0,0,0,0,0,0,0,0,0,0,0,0,0
0,0,0,0,0,0,0,0,0,0,0,0,0,0,0
0,0,0,8.5463,0,5.269,4.8533,0.16262,0,0,0,0,0,0,0
0,3.64,0,6.5817,5.9518,1.839,3.5302,8.0992,8.9063,6.6025,8.6143,5.4975,0,6.7065,0
0,0,0,0,0,0,0,0,0,0,0,0,0,0,0
0,0,0,0,0,0,0,0,7.0376,0,0,0,0,0,0
0,4.1233,0,0,6.1173,0,6.2913,0,0,0,0,0,0,0,0
0,0,0,0,0,0,0,0,0,0,0,0,0,0,0
0,0,0,0,0,0,0,0,0,0,0,0,0,0,0
0,0,0,0,0,0,0,0,0,0,0,0,0,0,0
0,0,0,0,0,0,0,0,0,0,0,0,0,0,0
0,0,0,7.2704,8.7408,0,2.0461,8.0782,7.5429,8.3491,7.9964,7.2215,8.6451,5.6679,8.1718
0,0,0,0,0,0,0,0,0,0,0,0,0,0,0
0,0,0,0,0,0,0,0,0,0,0,0,0,0,0
0,0,0,0,0,0,0,0,0,0,0,0,0,0,0
0,0,0,0,0,0,0,0,0,0,0,0,0,0,0
0,0,0,0,0,0,0,0,0,0,0,0,0,0,0
0,0,0,0,0,0,0,0,0,0,0,0,0,0,0
0,0,0,0,0,0,0,0,0,0,0,0,0,0,0
0,5.0018,10.094,6.0234,0,9.3384,0,6.8476,0,0,0,7.6156,6.6735,7.5703,0
0,0,0,0,0,0,0,0,0,0,0,0,0,0,0
0.49999,1.8401,13.66,6.1116,6.4313,2.1579,1.1676,9.1995,8.0976,7.296,7.8607,6.3953,6.3324,8.4205,8.825
0,0,0,0.43792,0,0,6.2873,0,0,0,0,0,0,0,0
0,3.6676,3.485,6.4832,6.5744,0,2.7783,0,2.7018,0,8.776,6.1384,5.6812,9.3935,0
0,3.562,15.142,7.148,0,4.828,3.8127,0,5.5161,6.8277,0,0,5.1701,8.1235,7.8533
0,8.4529,3.7969,0,4.0679,5.4619,3.2353,0,0,0,0,0,0,0,0
0,0,0,0,0,0,0,0,0,0,0,0,0,0,0
0,0,0,0,0,0,0,0,0,0,0,0,0,0,0
0,0,0,0,0,0,0,0,0,0,0,0,0,0,0
0,0,0,0,0,0,0,0,0,0,0,0,0,0,0
0,0,0,0,0,0,0,0,0,0,0,0,0,0,0
0,0,0,0,0,0,0,0,0,0,0,0,0,0,0
0,0,0,0,0,0,0,0,0,0,0,0,0,0,0
0,0,0,0,0,0,0,0,0,0,0,0,0,0,0
0,0,0,0,0,0,0,0,0,0,0,0,0,0,0
0,1.9284,0,0,0,7.5077,5.4378,0,0,0,0,7.791,0,0,0
0,3.682,0,4.4807,0,7.954,3.3983,0,9.9492,0,1.0068,6.6447,6.4943,6.9532,0
0,0,0,0,0,0,3.2141,0,0,0,0,0,7.0568,0,0
0,0,0,0,0,0,0,0,0,0,0,0,0,0,0
0,0,0,0,0,0,0,0,0,0,0,0,0,0,0
0,0,0,0,0,0,0,0,0,0,0,0,0,0,0
0,0,0,0,0,0,0,0,0,0,0,0,0,0,0
0,0,0,0,0,0,0,0,0,0,0,0,0,0,0
0,0,0,0,0,0,0,0,0,0,0,0,0,0,0
0,0,0,0,0,0,0,0,0,0,0,0,0,0,0
0,0,0,0,0,0,0,0,0,0,0,0,0,0,0
0,0,0,0,0,0,0,0,0,0,0,0,0,0,0
0,0,0,0,0,0,0,0,0,0,0,0,0,0,0
0,0,0,0,0,0,0,0,0,0,0,0,0,0,0
0,0,0,0,0,0,0,0,0,0,0,0,0,0,0
0,0,0,0,0,0,0,0,0,0,0,0,0,0,0
0,0,0,0,0,0,0,0,0,0,0,0,0,0,0
0,0,0,0,0,0,0,0,0,0,0,0,0,0,0
0,0,0,0,0,0,0,0,0,0,0,0,0,0,0
0,0,0,0,0,0,0,0,0,0,0,0,0,0,0
0,0,0,0,0,0,0,0,0,0,0,0,0,0,0
0,0,0,0,0,0,0,0,0,0,0,0,0,0,0
0,0,0,0,0,0,0,0,0,0,0,0,0,0,0
0,0,0,0,0,0,0,0,0,0,0,0,0,0,0
0,1.0009,13.68,0,0,0,0,0,0,0,0,0,0,0,0
0,0,0,0,0,0,0,0,0,0,0,0,0,0,0
0,0,0,0,8.1795,0,6.01,0,0,0,0,0,0,0,0
0,5.1214,0,8.6763,0,0,0,0,0,0,0,0,0.32624,0,0
0,3.7879,10.029,5.6619,0,3.7259,2.859,6.3578,8.5179,6.6818,8.6022,3.8818,5.2172,0,7.4851
0,0,0,0,0,0,0,0,0,0,0,0,0,0,0
0,0,0,0,0,0,0,0,0,0,0,0,0,0,0
0,5.1224,0,0,0,5.6087,0,0,0,0,0,9.2113,3.8967,7.8074,2.7203
0,0,0,0,0,0,0,0,0,0,0,0,0,0,0
0,0,0,0,0,0,0,0,0,0,0,0,0,0,0
0,0,0,0,0,0,0,0,0,0,0,0,0,0,0
0,5.5738,0,4.4723,0,4.0942,3.5312,0,0,0,0,0,0,7.6421,8.5125
0,0,0,0,0,0,0,0,0,0,0,0,0,0,0
0,0,0,0,0,0,0,0,0,0,0,0,0,0,0
0,0,0,0,0,0,0,0,0,0,0,0,0,0,0
0,3.1932,11.281,7.5999,4.7928,3.365,2.8473,0,4.4843,9.3084,0,6.3753,6.0469,8.8387,6.8375
0,0.95858,0,0,0,0,0,0,0,0,0,0,0,10.046,0
0,6.0959,0,0,0,0,0,0.022365,0,0,0,1.3364,0,0,0
0,4.148,0,0,4.2723,0,4.5754,0,5.3634,0,8.3253,4.905,0,0,0
0,0,0,0,0,0,0,0,0,0,0,0,0,0,0
3.0602,1.1626,0,6.3598,3.7149,6.8837,1.2648,7.5443,9.2219,6.0035,8.9066,4.829,4.1549,8.0034,7.6309
0,0,0,0,0,0,0,0,0,0,0,0,0,0,0
0,0,0,0,0,0,0,0,0,0,0,0,0,0,0
7.2926,1.2283,12.089,0.54294,4.6114,4.5947,1.1768,4.652,5.2528,5.2994,6.7109,4.6945,4.8934,8.6062,6.5883
0,0,0,0,0,0,0,0,0,0,0,0,0,0,0
0,0,0,0,0,0,6.3217,0,0,0,0,0,0,0,0
0,0,0,0,0,0,0,0,0,0,0,0,0,0,0
0,0,0,0,0,0,0,0,0,0,0,0,0,0,0
0,3.7104,0,6.649,5.9887,4.4222,0,8.2608,0,0,8.7749,0,5.1078,6.6074,7.3798
0,0,0,0,0,0,0,0,0,0,0,0,0,0,0
0,0,0,0,0,0,9.0247,0,0,0,0,0,0,0,0
0,5.8593,0,7.2597,0,0,3.0555,0.58835,0,0,0.62837,0,0,7.5496,0
0,0,0,0,0,0,0,0,0,0,0,0,0,0,0
0,3.4063,0,6.729,4.6271,4.4473,2.4923,0,8.6322,7.6239,0,5.7428,5.3087,7.4823,8.4757
0,0,0,0,0,0,0,0,0,0,0,0,0,0,0
0,0,0,0,0,0,0,0,0,0,0,0,0,0,0
0,2.3065,0.15937,7.2875,7.9607,4.0831,5.4256,9.9394,0,0,0,0,0,0,0
0,0,0,0,0,0,0,0,0,0,0,0,0,0,0
0,4.9443,14.419,0,3.6805,5.1609,4.9376,0,0,0,0.32596,0,6.6987,9.0298,7.4562
0,0,0,0,0,0,0,0,0,0,0,0,0,0,0
0,0,0,0,0,0,0,0,0,0,0,0,0,0,0
0,0,0,0,0,0,0,0,0,0,0,0,0,0,0
0,0,0,0,0,0,0,0,0,0,0,0,0,0,0
0,5.0966,0,8.5157,0,0,0,0,0,0,0,0,4.0141,0,0
4.7322,3.3518,12.27,4.5233,1.3659,4.5296,1.4398,6.9228,6.8006,6.7833,7.9635,3.9667,4.5394,7.1852,2.7831
4.4222,3.0951,0,4.9312,5.4533,6.311,2.5319,0,7.7113,9.9575,3.0052,0.76597,5.1362,5.5447,5.0542
0,0,0,0,0,0,4.7976,0,0,0,0,0,0.13911,0,0
0,0,0,0,0,0,0,0,0,0,0,0,0,0,0
0,0,0,0,0,0,0,0,0,0,0,0,0,0,0
0,5.3355,12.76,0,0,0,4.5741,6.7142,4.4233,0,0,0,6.7361,0,0
8.6166,1.2445,14.447,5.0209,3.3991,3.659,2.4536,5.4404,5.7285,5.3507,7.5776,3.1407,5.4302,6.9242,6.5692
0,0,0,0,0,0,0,0,0,0,0,0,0,0,0
0,0,0,0,0,0,5.8812,0,0,0,0,0,0,0,0
0,0,0,0,0,0,5.9392,0,0,0,0,0,0,0,0
0,3.1616,0,0,0,0,4.3365,3.1232,0,0,0,1.319,8.2886,0,0
0,0,0,0,0,0,0,0,0,0,0,0,0,0,0
0,0,0,0,0,0,0,0,0,0,0,0,0,0,0
0,0,0,0,0,0,0,0,0,0,0,0,0,0,0
0,0,0,0,0,0,0,0,0,0,0,0,0,0,0
0,0,0,0,0,0,0,0,0,0,0,0,0,0,0
0,1.0789,0,0,0,2.7703,6.0152,0,0,0,0,0.012685,7.8405,8.069,0.87281
0,0,0,0,0,0,0,0,0,0,0,0,0,0,0
0,1.3873,0,0,0,7.0026,0,0.034311,0,8.4553,0,0,0,7.7437,8.9917
0,3.4294,14.317,5.4476,5.9271,5.1411,2.8468,8.5981,0,4.5694,8.0014,0,5.9585,0,8.919
4.4913,0.54735,1.0587,7.0846,8.2646,6.4685,1.0981,7.2964,4.2936,8.0187,10.633,5.7262,7.0191,9.0049,6.7826
0,0,0,0,8.3532,0,4.0497,0,0,0,0,0,0.30966,0,0
3.6309,4.0687,15.714,6.7722,4.4667,5.3239,2.0042,9.0875,6.1569,9.2951,8.4319,6.8778,5.9455,7.6473,9.0546
22.977,4.0015,11.327,5.9617,3.1954,4.8166,2.433,5.0452,9.8795,5.3954,6.5877,1.7807,4.6168,6.4123,6.4186
0,3.3502,0,6.038,4.9706,5.2051,1.3204,8.5928,8.6073,0,0,7.1807,7.0208,8.6485,8.7661
0,0,0,0,0,0,0,0,0,0,0,0,0,0,0
0,0,0,0,0,0,0,0,0,0,0,0,0,0,0
0,0,0,0,0,0,0,0,0,0,0,0,0,0,0
0,3.2833,14.979,2.8134,4.6517,3.9694,3.7133,1.9002,1.0618,9.4816,0,6.288,6.7275,7.8712,9.9147
0,0,0,0,0,0,0,0,0,0,0,0,0,0,0
0,0,0,0,0,7.8656,6.7547,0,8.948,0,0,0,0.10114,7.3668,7.8512
0,0,0,0,0,0,0,0,0,0,0,0,0,0,0
0,0,0,0,0,0,0,0,0,0,0,0,0,0,0
0,4.2032,0,0,0,0,0,0,0,0,0,0,0,0,8.1678
0,5.5234,0,5.4317,0,2.67,2.7297,0,0,7.1944,0,0,5.9215,0,0
0,0,0,0,0,0,0,0,0,0,0,0,0,0,0
0,0,0,0,0,0,0,0,0,0,0,0,0,0,0
0,0,0,0,0,0,0,0,0,0,9.1169,0,0,0,0
0,0,12.704,0,7.0816,5.1993,0,0,8.6057,0,7.8603,5.9614,0,0,0
0,0,0,0,0,0,0,0,0,0,0,0,0,0,0
0,5.4178,0,0,0,0,4.7068,6.8916,8.8407,0,0,0,0,6.1956,8.4535
0,0,0,0,0,0,0,0,0,0,0,0,0,0,0
7.5793,3.5186,16.11,7.4439,6.2536,6.9454,4.0302,6.9951,6.3711,9.0719,7.3615,5.3011,7.0188,6.712,8.4365
0,0,0,0,0,0,0,0,0,0,0,0,0,0,0
0,5.462,0,7.0653,3.8006,1.0902,0,0.5168,6.4655,0,0,0,5.5896,7.4806,7.9181
2.2498,4.4104,14.89,4.2479,4.6036,3.8788,3.5492,6.8894,5.3945,3.1196,0,0,6.858,5.2832,7.8635
0,0,0,0,0,0,0,0,0,9.9035,0,0,0,0,0
0,7.8699,0,0,0,0,0,0,0,0,0,0,0,0,0
0,0,0,0,0,0,0,0,0,0,0,0,0,0,0
0,0,0,0,0,0,0,0,0,0,0,0,0,0,0
0,0,0,0,0,0,6.2606,0,0,0,0,0,0,0,0
0,0,0,0,0,0,0,0,0,0,0,0,0,0,0
0,0,0,0,0,0,0,0,0,0,0,0,0,0,0
0,0,0,0,0,0,0,0,0,0,0,0,0,0,0
0,6.6295,0,0,2.406,4.81,1.7863,0,0,7.2463,0,0,0.26075,0,0
0,0,0,0,0,0,0,0,0,0,0,0,0,0,0
0,0,0,5.6051,10.445,2.3721,1.5698,9.5659,8.2702,7.6026,0,7.0974,5.4497,8.6626,8.8177
0,0,0,0,0,0,0,0,0,0,0,0,0,0,0
0,0,0,0,0,0,5.4985,0,0,0,0,0,0,0,0
0,0,0,0,0,0,0,0,0,0,0,0,0,0,0
0,0,0,0,0,0,0,0,0,0,0,0,0,0,0
0,0,0,7.9337,0,0,5.4131,0,0,0,0,0,0,0,0
0,0,0,0,0,0,0,0,0,0,0,0,0,0,0
0,0,0,0,0,0,0,0,0,0,0,0,0,0,0
0,3.5406,12.386,6.0918,3.9656,0,3.7234,0,0,0.27086,0,0,7.8973,0,0
0,1.1728,0,8.4464,2.9148,6.5571,3.5723,8.6812,7.0813,7.595,6.7825,6.1508,5.8518,9.1411,6.769
0,0,0,0,0,0,0,0,0,0,0,0,0,0,0
0,0,0,0,0,0,0,0,0,0,0,0,0,0,0
0,0,0,0,0,0,0,0,0,0,0,0,0,0,0
0,0,0,0,0,0,0,0,0,0,0,0,0,0,0
0,0,0,0,0,0,0,0,0,0,0,0,0,0,0
0,0,0,0,0,0,0,0,0,0,0,0,0,0,0
0,0,0,0,0,0,0,0,0,0,0,0,0,0,0
0,2.9414,15.242,5.0148,4.8917,3.7474,2.6008,7.1655,8.1162,7.7109,1.2116,5.5332,0,8.7275,6.9986
0,0,0,0,0,0,0,0,0,0,0,0,0,0,0
0,4.0255,0,6.4148,5.7951,0,2.5201,0,4.163,8.1581,1.178,6.9493,6.137,6.443,8.5323
0,6.7316,0,0,0,1.0814,6.6871,0,0,0,0,0,3.3276,0,0
0,0,0,0,0,0,0,0,0,0,0,0,0,0,0
0,0,0,0,0,0,0,0,0,0,0,0,0,0,0
0,0,0,0,0,0,0,0,0,0,0,0,0,0,0
0,0,0,0,0,0,0,0,0,0,0,0,0,0,0
0,0,0,0,0,0,0,0,0,0,0,0,0,0,0
0,0,0,0,0,0,0,0,0,0,0,0,0,0,0
0,4.73,0,7.7325,7.4842,0,3.5856,0,8.2345,8.9613,0,0,0,0,6.98
0,4.5303,0,0,0,0,5.5246,0,0,0,0,0,0,0,0
0,0,0,6.1028,0,0,4.809,0,3.0439,0,0,0,0,0,0
0,0,0,0,0,0,6.227,0,2.5726,0,0,7.2031,7.8834,0,0
0,0,0,0,0,0,0,0,0,0,0,0,0,0,0
0,0,0,0,0,0,0,0,0,0,0,0,0,0,0
0,0,0,0,0,0,0,0,0,0,0,0,0,0,0
0,0,0,0,0,0,0,0,0,0,0,0,0,0,0
0,2.6502,12.095,6.6537,0,0,2.6886,0,0,0,9.6806,0,0,9.162,8.2927
0,2.216,3.2286,6.3052,7.0195,6.8277,1.4994,8.1071,0,0,1.1652,0,0,8.4654,9.7174
0,0,0,0,0,0,0,0,0,0,0,0,0,0,0
0,0,0,0,9.1857,0,0,0,0,0,0,0,0,0,0
0,0,14.393,3.9199,6.9411,0,2.0143,7.8431,0,0,0,0,0,0,10.201
0,0,0,0,0,0,0,0,0,0,0,0,0,0,0
0,0,0,0,0,0,0,0,0,0,0,0,0,0,0
0,6.5745,0,0,4.8397,0,0,0,0,0,9.0433,0,1.167,0,0
0,0,0,0,0,0,0.88503,0,0,8.1978,0,0,0,0,0
0,0,0,0,0,0,0,0,0,0,0,0,0,0,0
0,3.0493,0,7.3771,6.4192,5.0114,2.3483,0,10.618,0.55024,0.37642,6.5419,7.1218,9.6266,7.306
0,0,0,0,0,0,0,0,0,0,0,0,0,0,0
0,0,0,6.7135,0,0,4.5135,0,9.945,0,0,0,0,0,0
0,0,0,0,0,0,0,0,0,0,0,0,0,0,0
0,0,0,0,0,0,0,0,0,0,0,0,0,0,0
0,0,0,0,0,0,0,0,0,0,0,0,0,0,0
0,0.015884,11.393,6.6428,5.8786,7.9643,1.4392,8.2056,8.1668,7.9141,9.2833,0,5.1349,8.6446,6.6944
0,0,0,0,0,0,0,0,0,0,0,0,0,0,0
0,0,0,0,0,0,0,0,0,0,0,0,0,0,0
0,0,0,0,0,0,0,0,0,0,0,0,0,0,0
0,0,0,0,0,0,0,0,0,0,0,0,0,0,0
0,0,0,0,0,0,0,0,0,0,0,0,0,0,0
0,2.3237,0,0,0,0,2.7914,0,10.378,0,8.5565,5.4186,7.207,7.6573,0
0,0,0,0,0,0,0,0,0,0,0,0,0,0,0
0,0,0,0,0,0,0,0,0,0,0,0,0,0,0
0,0,0,0,0,0,0,0,0,0,0,0,0,0,0
0,0,0,0,0,0,0,0,0,0,0,0,0,0,0
0,0,0,0,0,0,0,0,0,0,0,0,0,0,0
0,0,0,0,0,0,0,0,0,0,0,0,0,0,0
0,0,0,0,0,0,0,0,0,0,0,0,0,0,0
0,0,0,0,0,0,0,0,0,0,0,0,0,0,0
0,0,0,0,0,0,0,0,0,0,0,0,0,0,0
0,0,0,0,0,0,0,0,0,0,0,0,0,0,0
0,2.9012,0,0,0,2.116,5.9084,7.951,0,0,0,0,0,0,0
0,0,0,0,0,0,0,0,0,0,0,0,0,0,0
0,7.8733,4.6398,7.2691,7.3986,5.3593,4.6726,8.4872,4.5865,8.8314,0,0,2.7429,5.8834,0
0,0,0,0,0,0,0,0,0,0,0,0,0,0,0
0,0,0,0,0,0,0,0,0,0,0,0,0,0,0
0,0,0,0,0,0,0,0,0,0,0,0,0,0,0
0,0,0,0,0,0,0,8.4209,9.6527,0,0,0,5.7391,0,0
0,0,0,0,0,0,0,0,0,0,0,0,0,0,0
0,0,0,0,0,0,0,0,0,0,0,0,0,0,0
0,0,0,0,0,0,0,0,0,0,0,0,0,0,0
0,0,0,0,0,0,0,0,0,0,0,0,0,0,0
0,0,0,0,0,0,0,0,0,0,0,0,0,0,0
0,0,0,0,0,0,0,0,0,0,0,0,0,0,0
0,1.9158,12.987,7.3827,0,5.3362,2.1679,7.9963,7.2065,0,8.5084,2.9716,5.0707,9.1921,0
0,0,0,0,0,0,5.4374,0,0,0,0,0,0,0,9.3292
0,4.4384,0,7.9584,6.7232,2.3104,3.2004,0.046566,0,6.8678,1.4026,1.2169,5.909,7.7391,6.1455
0,0,0,0,0,0,0,0,0,0,0,0,0,0,0
0,0,0,0,0,0,0,0,0,0,0,0,0,0,0
7.2535,3.1348,11.788,3.9455,4.5991,2.1234,1.6824,4.7251,7.7492,6.6956,5.0709,2.6084,4.1454,6.9458,5.6807
0,0,0,0,0,0,0,0,0,0,0,0,0,0,0
0,0,0,0,0,0,0,0,0,0,0,0,0,0,0
0,4.0378,0,0,0,0,5.4899,6.7478,0,0,0,0,4.5592,0,0
0,0,0,0,0,0,0,0,0,0,0,0,0,0,0
0,0,0,0,0,0,0,0,0,0,0,0,0,0,0
0,3.4009,0,0,0,0,4.3671,0,0,9.9925,0,8.2087,6.8387,0.24696,0
0,0,0,0,0,0,8.2783,0,0,0,0,0,0,0,0
0,0,0,0,0,0,0,0,0,0,0,0,0,0,0
0,4.5179,11.089,6.1084,0,0,1.8619,6.2617,5.1146,8.6318,2.6326,0,0,0,8.0275
0,0,0,0,0,0,0,0,0,0,0,0,0,0,0
0,0,0,0,0,0,0,0,0,0,0,0,0,0,0
0,0,0,0,0,0,0,0,0,0,0,0,0,0,0
0,0,0,0,0,0,0,0,0,0,0,0,0,0,0
0,0,0,0,0,0,0,0,0,0,0,0,0,0,0
0,0,0,0,0,0,0,0,0,0,0,0,0,0,0
0,0,0,0,0,0,0,0,0,0,0,0,0,0,0
0,0,0,0,0,0,0,0,0,0,0,0,0,0,0
0,0,0,0,0,0,0,0,0,0,0,0,0,0,0
0,0,0,0,0,0,0,0,0,0,0,0,0,0,0
0,0,0,0,0,0,0,0,0,0,0,0,0,0,0
0,1.6194,13.671,7.9886,6.5313,4.0482,3.0185,0,0.9662,7.0599,8.2454,0,5.8667,8.9681,0
0,0,0,7.0948,8.3267,5.2923,0,0,2.6881,7.9083,10.175,5.8643,7.0256,7.0966,0
0,0,0,0,0,0,0,0,0,0,0,0,0,0,0
0,0,0,0,7.2607,0,0,1.8896,0,0,0,0,8.0712,10.001,0
0,5.4635,0,7.7508,0,0,0,0,0,0,0,0,0,0,0
0,7.1381,15.05,8.0313,8.8179,1.4172,2.0299,0,0,9.7517,0,5.6009,3.7977,8.1238,6.9577
0,3.7317,12.105,5.5912,6.1229,3.3287,1.737,7.8568,7.2396,9.4887,9.0753,3.9815,6.5899,8.0818,7.408
0.37882,1.3692,10.667,7.166,1.5351,5.1235,2.8104,7.8499,7.8882,8.2709,9.6155,5.9664,5.1744,9.4746,7.2706
0,0,0,0,0,0,0,0,0,0,0,0,0,0,0
0,2.4271,11.507,5.632,7.611,0,0,7.2002,6.8036,7.5937,0.19466,6.8397,0,9.5025,9.0939
0,2.2161,12.497,5.4464,0,0,0.67027,1.8206,4.8426,8.4351,8.5262,6.7951,0,7.5574,8.0004
0,3.7601,0,6.8111,3.6474,0,4.674,0,10.79,0,1.1694,5.5728,0,0,0
0,0,0,0,0,0,0,0,0,0,0,0,0,0,0
0,0,0,0,0,0,0,0,0,0,0,0,0,0,0
0,0,0,0,0,0,0,0,0,0,0,0,0,0,0
2.546,2.9142,13.308,6.1942,1.4865,4.5213,2.3616,9.2235,7.5546,6.2805,7.783,4.6906,4.9559,7.3685,7.3027
0,0,0,0,0,0,0,0,0,0,0,0,0,0,0
0,0.94378,0,7.3154,0,0.3765,3.5325,0,0,0,7.7877,0,8.3397,0,10.453
0,4.7522,0,0,0,0,0,0.017435,0,0,0,1.0419,0,0,0
0,0,14.868,4.9812,3.9839,5.6784,3.0074,7.8274,10.011,7.3366,9.0897,6.5717,4.8446,10.144,10.396
0,0,0,0,0,0,0,0,0,0,0,0,0,0,0
0,0,0,0,0,0,0,0,0,0,0,0,0,0,0
0,0,0,0,0,0,0,0,0,0,0,0,0,0,0
0,0,0,0,0,0,0,0,0,0,0,0,0,0,0
0,0,0,0,0,0,0,0,0,0,0,0,0,0,0
0,0,0,0,0,0,0,0,0,0,0,0,0,0,0
0,0,0,0,0,0,0,0,0,0,0,0,0,0,0
0,0,0,0,0,0,0,0,0,0,0,0,0,0,0
0,0,0,0,0,0,0,0,0,0,0,0,0,0,0
0,3.1514,0,6.0309,0,3.1706,3.1156,7.9697,0,8.1953,10.555,0,0.32578,0,0
0,0,0,0,0,0,0,0,0,0,0,0,0,0,0
0,5.3099,0,8.4089,7.5224,0,0,0,6.7883,7.2466,8.6797,0.057313,0,0,0
0,0,0,0,0,0,0,0,0,0,0,0,0,0,0
0,0,0,0,0,0,0,0,0,0,0,0,0,0,0
0,0,0,0,0,0,0,0,0,0,0,0,0,0,0
0,0,0,0,0,0,0,0,0,0,0,0,0,0,0
0,0,0,0,0,0,0,0,0,0,0,0,0,0,0
0,0,0,0,0,0,0,0,0,0,0,0,0,0,0
0,0,0,0,0,0,0,0,0,0,0,0,0,0,0
0,0,0,0,0,0,0,0,0,0,0,0,0,0,0
1.3714,3.5237,0,7.8332,6.9727,2.4946,1.6634,7.1794,4.3394,7.7679,0.55912,8.5254,6.287,6.2673,9.3734
0,5.933,10.312,0,0,6.6532,0,0,0,0,8.4118,0,0,0,0
0,0,0,0,0,0,0,0,0,0,0,0,0,0,0
27.582,2.7622,12.137,5.9822,2.3901,4.8385,1.9899,4.2437,8.8279,5.6835,4.538,2.8874,4.2498,5.8951,6.1219
0,3.8715,0,0,0,3.0446,0.40756,0,0,0,0,0,0.70968,0,0.42138
0,0,0,0,0,0,0,0,0,0,0,0,0,0,0
0,0,0,0,0,0,0.88503,0,0,8.1978,0,0,0,0,0
0,0,0,0,0,0,0,0,0,0,0,0,0,0,0
0,0,0,0,0,0,0,0,0,0,0,0,0,0,0
0,0,0,0,0,0,0,0,0,0,0,0,0,0,0
0,0,0,0,0,0,0,0,0,0,0,0,0,0,0
0,0,0,0,0,0,0,0,0,0,0,0,0,0,0
0,0.27523,0,0,8.1649,0,0,0,0,0,0,0,0,0,0
0,0,0,0,0,0,0,0,0,0,0,0,0,0,0
0,3.0446,0,6.7311,0,5.2692,4.7632,7.0318,2.1457,0,0,1.3945,0,0,8.8058
0,0,0,0,0,0,0,0,0,0,0,0,0,0,0
0,0,0,0,0,0,0,0,0,0,0,0,0,0,0
0,0,0,0,0,0,0,0,0,0,0,0,0,0,0
0,0,0,0,0,0,0,0,0,0,0,0,0,0,0
0,0,0,0,0,0,0,0,0,0,0,0,0,0,0
0,5.9422,0,4.9901,0,0,4.8974,0,0,9.6296,0,0,1.58,7.8808,0
0,0,0,0,0,0,0,0,0,0,0,0,0,0,0
0,4.3832,0,0,0,5.3845,0,7.3966,0,0,0,0,6.3496,0,0
0,3.1652,11.45,7.1725,1.9261,2.4559,4.1899,0,5.6259,0.2735,0,7.9502,8.6153,8.6432,0
0,0,0,0,0,0,0,0,0,0,0,0,0,0,0
0,0,0,0,0,0,0,0,0,0,0,0,0,0,0
0,0,0,0,0,0,0,0,0,0,0,0,0,0,0
0,0,0,0,0,0,0,0,0,0,0,0,6.9237,0,0
0,5.9114,0,0,0,0,6.635,6.6887,0,0,0,0,0,0,0
0,0,0,0,0,0,0,0,0,0,0,0,0,0,0
0,0,0,0,0,0,0,0,0,0,0,0,0,0,0
0,0,0,0,0,0,0,0,0,0,0,0,0,0,0
0,0.95858,0,0,0,0,0,0,0,0,0,0,0,10.046,0
0,0,0,0,0,0,0,0,0,0,0,0,0,0,0
0,0,0,0,0,0,0,0,0,0,0,0,0,0,0
0,0,0,0,6.5686,0,4.6571,0,1.1846,0,0,7.5256,0,9.5611,8.268
0,0,0,0,0,0,0,0,0,0,0,0,0,0,0
0,0,0,0,0,0,0,0,0,0,0,0,0,0,0
0,0,12.421,0,0,0,1.1232,0,5.69,7.3624,7.713,0,5.6216,0,0
0,0,0,0,0,0,0,0,0,0,0,0,0,0,0
0,0,0,0,0,0,0,0,0,0,0,0,0,0,0
0,0,0,0,0,0,0,0,0,0,0,0,0,0,0
0,0,0,0,0,0,0.88503,0,0,8.1978,0,0,0,0,0
0,4.2842,11.217,6.428,5.0099,2.3786,2.7189,0,0,8.8902,7.9991,0,2.3206,6.8489,0
0,4.1541,0,0,0,0,5.5137,0,0,0,0,1.025,0,0,0
0,1.5653,3.2092,1.1326,0,5.8232,1.0861,6.0858,46.516,7.0213,0,0.79382,0.60896,5.7211,4.9561
0,0,0,0,0,0,0,0,0,0,0,0,0,0,0
0,0,0,0,0,0,0,0,0,0,0,0,0,0,0
0,0,0,0,0,0,0,0,0,0,0,0,0,0,0
0,0,0,0,0,0,0,0,0,0,0,0,0,0,0
0,0,0,0,0,0,0,0,0,0,0,0,0,0,0
0,0,0,0,0,0,0,0,0,0,0,0,0,0,0
0,0,0,0,0,0,0,0,0,0,0,0,0,0,0
0,7.2247,0,0,3.1635,0.11419,0,0,0,0,0,0,1.1842,0,0
0,0,0,0,0,0,0,0,0,0,0,0,0,0,0
0,0,0,0,5.9535,0,2.0066,0,0,0.85473,8.3585,0,8.5819,9.6165,0
0,0,0,0,0,0,0,0,0,0,0,0,0,0,0
0,4.8462,14.287,6.4568,6.6473,4.8731,3.2848,7.6272,0,0,0,5.0826,1.0047,0,0
0,0,0,0,0,0,0,0,0,0,0,0,0,0,0
26.711,2.9022,12.093,5.4692,1.5463,3.4371,1.8437,1.5462,8.4826,4.3112,3.9216,2.6517,3.7845,4.3392,5.0497
0,3.1783,0,7.534,5.5419,4.4116,4.1648,8.0991,0,0,0,0,6.6478,10.722,6.2901
0,0,0,0,0,0,0,0,0,0,0,0,0,0,0
0,0,0,0,0,0,0,0,0,0,0,0,0,0,0
0,0,0,0,0,0,0,0,0,0,0,0,0,0,0
0,0,0,0,0,0,0,0,0,0,0,0,0,0,0
0,0,0,0,0,0,5.7493,0,0,0,0,0,0,0,0
0,1.9456,15.492,6.7847,4.6115,6.2018,2.1063,6.2693,8.2356,9.0766,8.2988,5.5231,5.7341,8.5194,0
0,0,0,0,0,0,0,0,0,0,0,0,0,0,0
0,2.338,0,0,8.9264,0,0,0,0,0,8.3437,0,0,0,0
0,5.0485,0,0,0,0,0,8.1639,0,0.67399,8.0437,0,6.715,9.5274,0.080193
0,0.59477,12.498,4.5162,5.4154,2.2887,0.89031,6.5361,10.031,0,8.454,4.8316,5.4005,8.7951,8.6211
0,0,0,0,0,0,0,0,0,0,0,0,0,0,0
0,4.9794,0,4.6543,0,3.8743,4.5584,0,0,9.2368,0.76328,0.072279,0,7.951,7.9832
0,0,0,0,0,0,0,0,0,0,0,0,0,0,0
0,0,0,0,0,0,0,0,0,0,0,0,0,0,0
0,0,0,0,0,0,0,0,0,0,0,0,0,0,0
0,0,0,0,0,0,4.165,0,0,0,0,7.7413,0,0,0
0,4.6875,7.7793,7.2748,3.8961,3.753,2.0885,0,0,0,7.5227,7.0298,7.8315,9.9919,7.2342
0,0,0,0,0,0,0,0,0,0,0,0,0,0,0
0,0,0,0,0,0,0,0,0,0,0,0,0,0,0
0,0,0,0,0,0,0,0,0,0,0,0,0,0,0
0,0,0,0,0,0,0,0,0,0,0,0,0,0,0
0,5.6358,0,7.2537,4.1176,3.5051,0,0,0,9.6042,0,0,0,7.479,0
0,3.8307,0,0,5.4716,0,1.7886,0,0,7.1113,8.4347,6.4348,6.1086,7.7085,0
0,0,0,0,0,0,0,0,0,0,0,0,0,0,0
0,3.357,0,8.0093,0,4.063,5.5943,0,0,0,0,0.90487,0,0,0
0,0,0,0,0,0,0,0,0,0,0,0,0,0,0
0,0,0,0,0,0,0,0,0,0,0,0,0,0,0
0,0,0,0,0,0,6.604,0,0,0,0,7.8323,0,0,0
0,5.2716,0,0,5.5777,0,7.4638,0,0,0,0,0,0,0,0
0,0,0,0,0,0,0,0,0,0,0,0,0,0,0
0,0,0,0,0,0,0,0,0,0,0,0,0,0,0
0,0,0,0,0,0,0,0,0,0,0,0,0,0,0
0,2.2931,0,5.5486,0,0,3.1414,6.4993,9.0856,1.9907,8.0496,5.1598,5.9943,8.7098,8.1417
0,0,0,0,0,0,0,0,0,0,0,0,0,0,0
0,0,14.448,0,0,0,0,7.1438,0,0,0,0,0,0,0
0,0,0,0,0,0,0,0,0,0,0,0,0,0,0
0,0,0,0,0,0,9.4137,0,0,0,0,0,0,0,0
0,0,0,0,0,0,0,0,0,0,0,0,0,0,0
0,0,0,0,0,0,0,0,0,0,0,0,0,0,0
0,0,0,0,0,0,0,0,0,0,0,0,0,0,0
0,0,0,0,0,0,0,0,0,0,0,0,0,0,0
0,0,0,0,0,0,0,0,0,0,0,0,0,0,0
0,0,0,0,0,0,0,0,0,0,0,0,0,0,0
0,0,0,0,0,0,0,0,0,0,0,0,0,0,0
0,0,0,0,0,0,0,0,0,0,0,0,0,0,0
0,4.7109,0,0,0,0,0,1.9526,0,0,0,0,8.1201,7.9115,0
0,0,0,0,0,0,0,0,0,0,0,0,0,0,0
0,7.9493,0,0,0,7.0071,0,4.7988,0,0,0,0,0,0,0
0,1.1949,0,0,0,7.8612,3.5007,0,0,0,0.85444,0,0,10.265,8.3009
0,0,0,0,0,0,0,0,0,0,0,0,0,0,0
0,0.37437,0,0,8.9204,2.471,5.1529,6.9003,0,0.83546,0,0,6.7566,10.886,0.97165
0,0.30279,0,0,0,7.7484,0,0,0,0,0,0,0,0.059523,0
0,0,0,0,0,0,0,0,0,0,0,0,0,0,0
0,0,0,0,0,0,0,0,0,0,0,0,0,0,0
0,4.8244,0,0.56429,0,0.32537,6.2554,0,0,0,0,0.17681,0,0,0.54139
0,0,0,0,0,0,7.516,0,0,0,0,0,0.030993,0,0
0,0,0,0,8.8345,0,5.0902,0,1.4127,6.2,0,7.0839,5.4165,5.8921,9.9319
0,6.653,0,0,8.5183,7.5964,2.7174,7.4333,0,9.4886,0,0,0.56545,0,8.7431
0,0,0,7.8998,5.5752,0,3.5018,0,3.1165,9.7465,0,0,6.0474,0,0
0,0,0,0,0,0,0,0,0,0,8.2719,0,0,0,0
0,1.4644,0,6.8345,9.3741,10.47,0,0,5.8703,6.458,0,0,3.4477,7.9488,9.4861
0,0,0,0,0,0,0,0,0,0,0,0,0,0,0
0,0,0,0,0,0,0,0,0,0,0,0,0,0,0
0,0,0,0,0,0,6.6835,0,0,0,0,0,0,0,0
0,0,0,0,0,0,0,0,0,0,0,0,0,0,0
0,0,0,0,0,0,0,0,0,0,0,0,0,0,0
0,3.431,0,8.5516,7.6396,0.61461,4.3854,0,0,10.563,0,6.8244,0,0,0
0,0,0,0,0,0,0,0,0,0,0,0,0,0,0
0,0.33326,0,0,9.8864,0,0,0,0,0,0,0,0,0,0
0,0,0,0,0,0,0,0,0,0,0,0,6.2829,0,9.8108
0,0,0,0,0,0,0,0,0,0,0,0,0,0,0
0,0,0,0,0,0,0,0,0,0,0,0,0,0,0
0,0,0,0,0,0,0,0,0,0,0,0,0,0,0
0,4.1004,0,6.2242,4.6333,0,3.7111,0,10.614,8.6008,0,0,5.5673,6.556,0
0,0.40499,0,5.9129,2.8777,0.91606,3.8762,7.1747,8.7272,8.175,2.6866,6.6619,6.9944,7.8472,0
0,0,0,0,0,0,0,0,0,0,0,0,0,0,0
0,0,13.974,5.9703,7.7806,0,3.2126,10.278,8.2723,8.9677,0,4.2993,6.4024,7.6082,9.3355
0,3.1301,0,0,0,5.5926,2.2165,6.6199,4.5831,0,9.5237,0,5.8837,7.2227,6.703
0,0,0,0,0,0,0,0,0,0,0,0,0,0,0
0,4.959,0,0,6.7084,6.9946,0.45279,7.0088,4.7298,0,0.060652,0.79476,0,0,0
0,0,0,0,0,0,0,0,0,0,0,0,0,0,0
0,0,0,0,0,0,0,0,0,0,0,0,0,0,0
0,0,0,0,0,0,0,0,0,0,0,0,0,0,0
0,0,0,0,0,0,0,0,0,0,0,0,0,0,0
0,3.5445,0,0,0,0,0.39983,0,0,0,0,0,5.2813,0,0
0,3.697,13.556,6.5023,0,0,5.1714,0,0,0,0,0,0.54041,0,8.3378
0,0,0,0,0,0,0,0,0,0,0,0,0,0,0
0,0,0,0,0,0,0,0,0,0,0,0,0,0,0
0,0,0,0,0,0,0,0,0,0,0,0,0,0,0
0,3.4462,12.132,6.2287,3.9677,4.2073,2.4895,8.6443,3.9311,8.2215,9.1306,0,6.3774,8.6694,7.21
0,0,0,0,0,0,0,0,0,0,0,0,0,0,0
0,0,0,6.1384,0,0,6.5831,8.4473,0,0,0,0,0,0,0
0,0,0,0,8.3961,0,6.2103,0,0,6.7822,0,0,0,0.14615,9.5055
0,0,0,0,0,0,0,0,0,0,0,0,0,0,0
0,0,0,0,3.6909,9.5483,4.4557,0,9.7013,0,0,0,6.516,0,0
0,0,0,0,8.407,0,0,0,0,0,0,0,0,0,0
0,0,0,0,0,0,0,0,0,0,0,0,0,0,0
0,0,0,0,0,0,0,0,0,0,0,0,0,0,0
0,0,0,0,0,0,0,0,0,0,0,0,0,0,0
0,4.97,8.4786,0,0,0,1.7818,6.2242,0,0,0,0,7.0625,8.8815,0
0,2.5434,12.655,6.6528,6.2382,5.1434,1.2422,7.9774,7.1453,6.828,9.965,5.013,5.5821,7.4077,8.7918
0,0,0,0,0,0,0,0,0,0,0,0,0,0,0
0,0,0,0,0,0,0,0,0,0,0,0,0,0,0
0,0,0,0,0,0,0,0,0,0,0,0,0,0,0
0,0.46847,0,0.7198,0,7.3395,0,0,0,0,0,0,0,0,0
0,0,0,0,0,0,0,0,0,0,0,0,0,0,0
0,0,0,0,0,0,0,0,0,0,0,0,0,0,0
0,1.7693,14.73,0,6.9644,5.2862,0,0,0,0,0,7.0105,6.3675,6.4404,7.8919
0,0,0,0,0,0,0,0,0,0,0,0,0,0,0
0,0,0,0,0,0,0,0,0,0,0,0,0,0,0
0,0,0,0,0,0,0,0,0,0,0,0,0,0,0
0,0,0,0,0,0,0,0,0,0,0,0,0,0,0
0,0,0,0,0,0,0,0,0,0,0,0,0,0,0
0,0,0,0,0,0,0,0,0,0,0,0,0,0,0
0,0,11.28,0,7.54,0,1.8677,0,8.6904,8.8889,0,4.5945,4.1856,0,7.9227
0,1.6741,0,0,0,3.5581,4.0408,0.99696,3.2993,0,8.7571,6.9284,0,0,8.7848
0,0,0,0,0,0,0,0,0,0,0,0,0,0,0
0,0.74054,16.04,0,0,6.0389,4.72,0,0,0,7.6154,0,3.0751,7.4963,7.5832
0,0,0,0,0,0,0,0,0,0,0,0,0,0,0
0.029775,2.7247,16.269,6.3985,5.7871,5.146,1.0959,8.4572,8.2699,9.5186,10.422,4.507,5.9848,7.9442,7.5354
0,0,0,0,0,0,0,0,0,0,0,0,0,0,0
0,0,0,0,0,0,0,0,0,0,0,0,0,0,0
0,0,0,0,0,0,5.6656,0,0,6.2016,0,0,0,7.6722,9.5596
0,0.20182,14.304,0,0,0,4.2048,0,0,0,0,0,0,0,9.288
0,4.1511,0,9.0016,3.149,5.1494,2.8885,9.0355,3.318,0,0,0,5.8225,7.1427,0
0,0,0,0,0,0,5.4985,0,0,0,0,0,0,0,0
0,0,0,0,0,0,0,8.4291,0,0,8.2177,0,0,0,0
0,0,0,0,0,0,0.40947,0,0,8.3468,0,0,0,0,8.6978
0,0,0,0,0,0,0,0,0,0,0,0,0,0,0
0,3.4843,14.09,0,0,0,5.4427,0,0,0,0,0.20015,0,0,0
0,0,0,0,0,0,0,0,0,0,0,0,0,0,0
0,0,0,0,0,0,0,0,0,0,0,0,0,0,0
0,0,0,0,0,0,8.8766,0,0,4.9304,0,0,0,0,0
0,0,0,0,0,0,0,0,0,0,0,0,0,0,0
0,0,0,0,0,0,0,0,0,0,0,0,0,0,0
0,0,0,0,0,0,0,0,0,0,0,0,0,0,0
0,0,0,0,0,0,0,0,0,0,0,0,0,0,0
0,0,0,0,0,0,0,0,0,0,0,0,0,0,0
0,2.0687,0,0,0,0,5.4248,0,0,0,0,0,5.3194,0,0
0,4.2871,10.473,6.0164,3.8956,4.7159,1.3954,7.8599,0,0,0,0,4.8912,8.5589,0
0,0,0,0,0,0,0,0,0,0,0,0,0,0,0
0,2.3745,0,6.629,6.4089,5.3361,2.8461,0,8.5611,0,8.0651,5.6948,0,0,8.6414
0,0,0,0,0,0,0,0,0,0,0,0,0,0,0
0,0,0,0,0,0,0,0,0,0,0,0,0,0,0
0,3.0518,12.86,6.6746,5.5134,5.4021,2.4245,6.6844,6.1973,0,3.0735,5.0118,6.1532,6.083,5.8556
0,0,0,0,0,5.2412,6.663,0,0,0,0,0,0,9.7188,0
0.96973,4.1765,11.544,5.5841,0.4363,2.9643,3.0386,0.42658,6.9251,0.96712,7.3811,0,7.4029,6.1689,7.0706
0,0,0,5.1295,0,0,4.0547,0,11.007,0,0,0,0,0,0
0,0,0,0,0,0,0,0,0,0,0,0,0,0,0
0,0,0,0,0,0,0,0,0,0,0,0,0,0,0
0,5.6523,0,8.4538,0,0,0,0,0,0,0,0,0,0,0
0,0,0,0,0,0,0,0,0,0,0,0,0,0,0
0,4.3641,0,0,0,3.2226,5.683,0,0,7.7606,0,7.7938,0.63183,0,8.1822
0,0,0,0,0,7.4898,0,0,0,0,0,0,0,11.036,1.6875
0,0,0,0,0,0,0,0,0,0,0,0,0,0,0
0,5.283,0,5.9764,5.9766,0,3.1416,7.2723,6.4754,7.1826,8.2356,0,0,5.4788,5.9901
0,0,0,0,0,0,0,0,0,0,0,0,0,0,0
0,3.7577,12.691,0,5.9526,5.4493,3.3914,7.127,5.657,8.531,8.5324,0.3346,5.273,9.338,7.7558
0,0,0,0,0,0,0,0,0,0,0,0,0,0,0
0,0,0,0,0,0,0,0,0,0,0,0,0,0,0
0,0,0,0,0,0,0,0,0,0,0,0,0,8.561,0
0,2.6143,0,0,0,2.6182,0,8.4826,0,0,0,6.9729,0,0,0
0,6.1385,6.9513,0,0,0,5.7688,0,0,0,0,0,0,0,0
0,0,0,0,0,0,0,0,0,0,0,0,0,0,0
0,4.8619,0,0,4.9769,4.6459,4.2323,0,3.5253,0,0,0,5.7561,0,8.925
0,3.9373,1.433,7.2259,6.3835,5.7901,1.2637,8.2124,3.1344,9.5475,2.8345,6.8845,6.9389,8.2127,9.2903
0,0,0,9.5448,0,0,0,0,0,0,0,0,0,0,0
0,0,0,0,0,0,0,0,0,0,0,0,0,0,0
0,3.1477,11.064,4.5865,6.2302,0.038328,0.017312,0,0.15862,7.595,8.5587,0,8.644,0,0
0,0,0,0,0,0,0,0,0,0,0,0,0,0,0
0,0,0,0,0,0,0,0,0,0,0,0,0,0,0
0,5.4498,7.8228,4.7296,8.4761,6.5514,5.5882,7.882,7.1655,0,0,0,6.2383,0,0
0,4.7522,0,0,0,0,0,0.017435,0,0,0,1.0419,0,0,0
0,0,0,0,0,0,0,0,0,0,0,0,0,0,0
0,5.0055,0,0,5.7739,0,0,0,0,0,0,0,0,0,0
0,5.7045,1.5706,6.3973,9.3206,0,3.6615,0,0,6.6163,0,8.8612,0,9.3267,0
0.51537,2.6647,8.5188,6.5719,5.7523,3.6505,1.6281,7.0091,5.4419,6.4883,10.36,4.8001,3.1787,7.098,8.6104
0,2.7419,1.8481,7.9798,0,0,0.68848,0,0,1.5791,0,8.8566,10.315,0,0
0,0,0,0,0,0,0,0,0,0,0,0,0,0,0
0,0,0,0,0,0,0,0,9.9223,0,0,0,0,0,0
0,6.2324,0,0,0,0,5.0202,0.21964,3.0935,0,0.038002,0,2.0563,0.40512,8.5326
0,4.9195,0,0.65643,7.6964,8.0021,4.0395,0,0,0,0,0.8379,1.7121,0,0
0,0,0,0,0,0,0,0,0,0,0,0,0,0,0
0,5.3325,0,0,0,0,4.724,0.29486,0,0,0,1.4147,0,0,0
0,0,0,0,0,0,0,0,0,0,0,0,0,0,0
0,0,0,0,0,0,0,0,0,0,0,0,0,0,0
0,0,0,0,0,0,0,0,0,0,0,0,0,0,0
0,1.2602,0,0,0,1.7681,2.9023,7.1087,9.3268,0,2.177,5.1574,0,9.9931,0
0,0,0,0,0,0,0,0,0,0,0,0,0,0,0
0,0,0,0,0,0,0,0,0,0,0,0,0,0,0
0,3.8303,0,0,6.7374,0,4.4075,0,0.12568,7.3262,0,0,2.7073,0,0
0,0,0,0,0,0,0,0,0,0,0,0,0,0,0
0,0.52178,18.467,5.4214,0,0,2.1217,0,0.77132,9.971,7.8199,0,5.8156,9.0185,9.507
0,0.76544,0,0,0,0,0,8.1629,0,0,0,0,0,0,0
0,0,0,0,0,0,0,0,0,0,0,0,0,0,0
0,10.768,14.44,3.4631,9.3421,0,0,3.4673,0,9.5798,0,8.4159,0.47819,9.3197,4.8903
0,9.4045,13.298,0,4.2763,0,4.7611,3.9275,0,0,0,5.9828,0,5.2738,8.8585
0,9.2267,13.076,0,1.3229,1.0562,2.1389,3.8956,6.1613,8.5046,8.3157,0.95156,0,8.2524,5.9483
0,3.9499,0,0,0,4.5485,0,0,8.0021,7.3055,0,7.4532,0,0,0
1.8122,2.252,12.312,5.6856,5.6904,4.1332,2.6192,7.644,8.8109,6.1908,7.6548,4.2556,3.8901,6.1326,7.9286
0,0,0,0,0,0,0,0,0,0,0,0,0,0,0
5.3605,1.8359,12.12,3.8554,3.5532,0,1.1224,6.1115,7.9353,8.07,7.3177,4.7285,4.0104,6.7369,7.7792
0,0,0,0,0,0,0,0,0,0,0,0,0,0,0
0,0,0,0,0,0,0,0,0,0,0,0,0,0,0
0,0,0,0,0,0,0,0,0,0,0,0,0,0,0
0,4.4879,10.376,0,0,4.1716,0,0,0,9.1039,0,7.386,5.0874,0,9.376
0,0,0,0,8.407,0,0,0,0,0,0,0,0,0,0
0,0,0,0,0,0,0,0,0,0,0,0,0,0,0
0,0,0,0,0,8.81,0,0,0,0,0,0,0,0,0
0,4.9194,7.8836,0,5.4696,0,3.1104,0,0,0,0,0,0,0,8.8867
0,0,0,0,0,0,0,0,0,0,0,0,0,0,0
0,0,0,0,0,0,0,0,0,0,0,0,0,0,0
0,0,0,0,0,0,0,0,0,0,0,0,0,0,0
0,5.5729,10.622,0,0,4.1006,0,0,0,0,1.5576,7.1096,0.010836,0,0
3.7868,2.8924,14.691,5.5402,6.5457,4.9809,3.9256,5.0412,8.8039,7.4801,8.4488,6.5645,5.2592,9.3534,8.9378
0,1.1966,0,0,0,8.5562,6.495,0,0,0,0,0,0.19916,0,1.0901
0,0,0,0,0,0,0,0,0,0,0,0,0,0,0
0,0,0,0,0,0,0,0,0,0,0,0,0,0,0
0,0,0,0,0,0,0,0,0,0,0,0,0,0,0
0,5.168,0,0.75161,0,3.7798,2.4596,0,0,0,0.62005,0.42981,8.482,0,0
0,0,0,0,0,0,0,0,0,0,0,0,0,0,0
0,0,0,0,0,0,0,0,0,0,0,0,0,0,0
0,3.6872,0,8.0465,4.9769,0,3.0107,0,5.385,8.5401,1.5353,3.5124,6.6727,0,9.5344
0,0,0,0,0,0,0,0,0,0,0,0,0,0,0
0,0,0,0,0,0,0,0,0,0,0,0,0,0,0
0,6.5796,0,4.7364,0,3.1036,0,0.7063,0,0,0,0,0,0.039171,9.7736
0,0,0,0,0,0,0,0,0,0,0,0,0,0,0
0,4.4013,0,7.0287,6.7921,4.7877,3.91,8.0542,6.4915,8.7811,0,4.9919,4.6008,8.7897,9.3038
0,0,0,0,0,0,0,0,0,0,0,0,0,0,0
0,0,0,0,0,0,0,0,0,0,0,0,0,0,0
9.4834,1.8675,12.606,5.2357,3.6217,6.0878,0.41379,5.259,6.3472,6.7355,6.0939,3.6441,5.6602,5.9504,8.4642
0,0,0,0,0,0,0,0,0,0,0,0,0,0,0
0,4.0671,0,0,0,3.3267,5.3528,6.7416,1.1843,0,0,7.9304,1.7933,8.9806,0
0,0,0,0,0,0,0,0,0,0,0,0,0,0,0
0,0,0,0,0,0,0,0,0,0,0,0,0,0,0
1.5741,2.7409,12.542,6.4442,6.4513,4.9213,1.8948,9.019,4.0816,8.4539,10.101,5.9372,5.9794,7.499,7.8776
0,6.0864,0,0,0,0,0,0,0,0,0,0,0.84902,0,0
0,0,0,0,0,0,0,0,0,0,0,0,0,0,0
0,0,0,0,0,0,0,0,0,0,0,0,0,0,0
0,0,0,0,0,0,0,0,0,0,0,0,0,0,0
0,3.5039,0,0,0,0,0,7.3781,0,0,0,0.68852,7.9478,0,0
0,0,0,0,0,0,0,0,0,0,0,0,0,0,0
0,0.041379,0,0,0,0,6.9336,0,0,0,0,0,0,0,0
0,5.9472,11.823,3.6269,7.1065,3.7639,0,0,0,0,0,0,0,0,8.9917
0,0,0,0,0,0,0,0,0,0,0,0,0,0,0
0,0,0,0,0,0,0,0,0,0,0,0,0,0,0
0,0,0,0,0,0,0,0,0,0,0,0,0,0,0
0,0,0,0,0,0,0,0,0,0,0,0,0,0,0
0,5.348,0,0,0,5.3358,0,6.9259,9.9618,0,0,0,0,0,0
0,3.6879,0,0,0,8.937,4.0106,0,0,0.10146,1.052,0,1.4767,0,0
0,0,0,0,0,0,0,0,0,0,0,0,0,0,0
0,0,0,0,0,8.7638,6.5367,0,0,0,0,0,0,0,0
0,0,0,0,0,0,4.7976,0,0,0,0,0,0.13911,0,0
0,0,0,0,0,0,0,0,0,0,0,0,0,0,0
0,0,0,0,0,0,0,0,0,0,0,0,0,0,0
0,0,0,0,0,0,0,0,0,0,0,0,0,0,0
0,0,0,0,0.20966,0,0,0,0,0,0,0,8.0302,0,0
0,0,0,0,0,0,0,0,0,0,0,0,0,0,0
0,0,0,0,0,0,0,0,0,0,0,0,0,0,0
0,0,0,0,0,0,0,0,0,0,0,0,0,0,0
0,0,0,0,0,0,0,0,0,0,0,0,0,0,0
0,0.76544,0,0,0,0,0,8.1629,0,0,0,0,0,0,0
0,0,0,0,0,0,0,0,0,0,0,0,0,0,0
0,0,0,0,0,0,0,0,0,0,0,0,0,0,0
0,4.5768,0,0,5.323,0,5.5557,9.5885,0,7.9176,0.66807,0,0,7.2215,0
2.7223,1.1577,0,5.7962,5.3497,5.4014,1.8514,7.1491,7.384,5.6566,7.8936,6.241,7.3355,8.1418,8.3375
0,0,0,0,0,0,0,0,0,0,0,0,0,0,0
0,0.89959,13.415,7.6169,0,3.3673,4.6349,0,5.3936,0.40216,0,6.2463,0,9.1674,8.3548
0,7.1349,0,0,0,6.7719,0.057677,0,0,0,0,0.13512,2.7264,0,0
0,3.9606,10.903,5.2247,4.3442,5.0145,2.5877,0,2.0974,2.4855,8.0776,6.2332,5.3692,8.5187,8.649
0,0,0,0,0,0,0,0,0,0,0,0,0,0,0
0,0,0,0,0,0,0,0,0,0,0,0,0,0,0
0,0,0,0,0,0,0,0,0,0,8.2719,0,0,0,0
0,0,0,0,0,0,0,0,0,0,0,0,0,0,0
0,0,0,0,4.9538,0,0,0,11.942,0,0,0,0,7.5423,8.6871
0,0,0,0,0,0,0,0,0,0,0,0,0,0,0
0,0,0,0,0,0,0,0,0,0,0,0,0,0,0
0,0,0,0,0,0,0,0,0,0,0,0,0,0,0
0,0,0,0,0,0,0,0,0,0,0,0,0,0,0
0,0,0,0,0,0,0,0,0,0,0,0,0,0,0
0,6.2777,0,0,0,9.6333,0,0,0,0,0,0,0,7.6757,0.73773
0,1.5261,0,0,7.1948,2.7735,1.2796,8.4169,9.35,0,9.2729,4.2542,7.3031,9.0698,6.3882
0,2.7476,0,0,0,5.4356,5.206,0,4.6832,0,0,7.3639,2.8442,0,0
0,0,0,0,0,0,0,0,0,0,0,0,0,0,0
0,6.5662,9.6413,0.88744,8.5585,0,0,0,10.287,0,0,0,0,0,0
0,0,0,0,0,0,0,0,0,0,0,0,0,0,0
0,6.2563,6.5527,7.7782,0,0,0,0,0,0,0,0,0,0,0
0,0,0,0,0,0,0,0,0,0,0,0,0,0,0
0,0,0,0,0,0,0,0,0,0,0,0,0,0,0
0,4.2225,0,6.8213,0,0,0,0,0,8.2032,0,0,0,0,6.6663
0,0,0,0,0,0,0,0,0,0,0,0,0,0,0
0,0,2.916,0,8.6878,7.4607,0,7.3538,0,9.6309,0.42647,7.1394,2.7986,10.227,7.218
0,0,0,0,0,0,0,0,0,0,0,0,0,0,0
0,0,0,0,0,0,0,0,0,0,0,0,0,0,0
0,0,0,0,0,0,0,0,0,0,0,0,0,0,0
0,0,0,0,0,0,0,0,0,0,0,0,0,0,0
0,0,0,0,0,0,0,0,0,0,0,0,0,0,0
0,0,0,0,0,0,0,0,0,0,0,0,0,0,0
0,0,0,7.2789,0,0,4.6973,0,8.2506,0,0,0,0,0,0
0,0,0,7.6898,9.1695,0,4.1169,0,3.3132,0,0,0,4.8214,0,8.9811
0,0,0,0,0,0,0,0,0,0,0,0,0,0,0
0,0,0,0,0,0,0,0,0,0,0,0,0,0,0
0,1.8521,0,6.8174,7.3316,0,4.3361,0,3.8477,0,0,7.4246,0,9.5206,0
0,6.2505,0,0,0,4.5048,0,0,0,0,0,1.3448,0,0,0
0,0,0,0,0,0,0,0,0,0,0,0,0,0,0
0,2.9038,0,6.4949,1.4406,4.4917,2.3304,0,3.1571,8.3517,8.2431,5.8533,5.6799,11.778,0
0,0.98392,13.071,0,8.7895,6.6628,4.2371,8.4415,10.875,0,0,0,5.913,10.24,8.3094
0,0,0,0,0,0,0,0,0,0,0,0,0,0,0
0,0,0,0,0,0,0,0,0,0,0,0,0,0,0
0,0,0,0,0,0,0,0,0,0,0,0,0,0,0
0,0,0,0,0,0,0,0,0,0,0,0,0,0,0
0,0,0,0,0,0,0,0,0,0,0,0,0,0,0
0,0,0,0,0,0,0,0,0,0,0,0,0,0,0
0,4.371,10.16,0,0,0,0,0,3.1779,0,8.1654,0,1.8137,9.5368,8.1427
0,0,0,0,0,0,0,0,0,0,0,0,0,0,0
0,0,0,0,0,0,0,0,0,0,0,0,0,0,0
0,0,0,0,0,0,0,0,0,0,0,0,0,0,0
0,0,0,0,0,0,0,0,0,0,0,0,0,0,0
0,4.3889,14.692,6.7574,2.761,8.5687,3.3358,0,8.9481,0,0,0,3.494,7.4211,0
0,0,0,0,0,0,0,0,0,0,0,0,0,0,0
0,5.1338,7.5288,0,0,4.425,5.4754,0.5333,2.6743,0.21757,0,0,6.56,0,8.8729
0,0,0,0,0,0,0,0,0,0,0,0,0,0,0
0,0,0,7.7532,0,0,4.2648,0,0,8.2737,0,0,0,0,0
0,4.9655,0,0,0,0,0,0,0,0,0,0,3.4384,0,9.4193
0,0,0,0,0,0,0,0,0,0,0,0,0,0,0
0,0,0,0,0,0,0,0,0,0,0,0,0,0,0
0,0,17.751,0,0,0,0,0,0,0,0,0,0,0,0
0,0,0,0,0,0,0,0,0,0,0,0,0,0,0
0,0,0,0,0,0,0,0,0,0,0,0,0,0,0
0,3.2546,14.747,6.5615,4.6146,4.8206,0.5356,0.2334,9.1727,0,8.2389,5.9063,5.5098,0.46606,7.8732
0,0,0,0,0,0,0,0,0,0,0,0,0,0,0
0,7.345,0,6.5463,8.2177,0.91613,3.1477,5.1112,0,0,0,0,0.99753,0,4.2112
0,0,0,0,0,0,0,0,0,0,0,0,0,0,0
0,3.5156,0,0,0,3.0438,0.39272,0,4.017,0,0,0,0.29006,0,0.097266
0,2.943,13.091,3.4245,2.9774,0,0,7.3068,6.5603,7.2201,0,6.5007,5.4754,6.4087,8.3498
0,0,0,0,0,0,0,0,0,0,0,0,0,0,0
21.966,2.0202,9.758,3.8988,0.95803,2.9156,0.97081,3.0851,6.4447,4.6663,3.3913,1.6027,2.0477,3.7756,5.273
0,0.40466,0,0,0,7.4326,0,0,5.5346,0,0,0,0,0,0
0,0,0,0,0,0,0,0,0,0,0,0,0,0,0
0,0,0,0,0,0,0,0,0,0,0,0,0,0,0
0,0,10.948,0,7.7783,0,0.69594,9.5358,0,0,8.6611,4.8336,5.6784,0,0
0,2.5826,10.684,7.0969,4.8096,4.9812,4.7885,6.719,3.4916,0,0,6.2783,0,0,0
0,0,0,0,0,0,0,0,0,0,0,0,0,0,0
0,0,0,0,0,0,0,0,0,0,0,0,0,0,0
0,2.6439,0,0,0.45955,2.2091,4.9798,1.5508,0,7.6893,0,7.3777,9.5445,8.8628,0
0,3.0676,15.273,6.0857,3.4624,7.1705,1.9109,9.1753,9.02,7.4756,8.6177,5.6709,6.7394,7.656,7.9194
0,3.3804,14.458,3.8888,0,4.9768,3.0311,6.9028,10.146,7.9885,9.7785,2.9252,4.0421,0,8.3762
0,0,0,0,0,0,0,0,0,0,0,0,0,0,0
0,0,0,0,8.407,0,0,0,0,0,0,0,0,0,0
0,0,0,0,0,0,0,0,0,0,0,0,0,0,0
0,0,0,0,0,0,0,0,0,0,0,0,0,0,0
0,0,0,0,0,0,0,0,0,0,0,0,0,0,0
0,0,0,0,0,0,0,0,0,0,0,0,0,0,0
0,5.2822,0,0,0,6.0317,4.7659,0,0,0,9.6156,0,0,0,8.0245
0,4.7105,0,0,0,6.2063,0,0,0,0,0,1.1493,0,0,0
0,0,0,0,0,0,0,0,0,0,0,0,0,0,0
0,0,0,0,0,0,0,0,0,0,0,0,0,0,0
0,0,0,0,0,0,0,0,0,0,0,0,0,0,0
0,0,0,8.2662,0,4.6902,3.779,0,0,0,8.2735,0,0,0,0
7.5935,2.8201,11.529,5.9964,5.4834,5.7,3.0269,6.4568,9.2897,8.3129,8.8043,5.6799,5.6157,9.0882,7.8266
0,0,0,0.7288,0,10.201,4.2317,0,10.994,7.1342,0,0,0,0,0
0,0,0,0,0,0,0.88503,0,0,8.1978,0,0,0,0,0
0,0,0,0,0,0,0,0,0,0,0,0,0,0,0
0,0,0,0,0,0,0,0,0,0,0,0,0,10.963,0
0,0,0,0,0,0,0,0,0,0,0,0,0,0,0
0,6.2892,0,0,0,0,0,0,0,0,0,0,1.1761,0,0
0,0.31555,10.126,7.1705,2.2675,4.6885,2.9965,6.7049,9.0563,0,10.054,6.3939,5.4005,8.3883,5.9783
0,0,0,0,0,0,0,0,0,0.63702,0,0,0,10,0
0,0,0,0,0,0,0,0,0,0,0,0,0,0,0
0,0,0,0,7.0039,0,5.4924,0,0,6.218,0,0,0,10.344,0
0,0,0,0,0,0,0,0,0,0,0,0,0,0,0
0,7.3722,5.2504,0,0,0,0,0,0,0,0,0,0,0,0
0,0,0,0,0,0,0,0,0,0,0,0,0,0,0
0,0,0,0,0,0,0,0,0,0,0,0,0,0,0
0,1.5048,9.5395,5.9179,3.4142,6.9187,0.74492,6.7181,7.9658,6.7432,8.4775,0,5.4558,7.5196,6.4972
0,0,0,0,0,0,0,0,0,0,0,0,0,0,0
0,5.32,10.096,8.1133,0,3.1241,4.2185,7.5693,0,0,0,0,8.0214,0,0
0,0,0,0,0,0,0,0,0,0,0,0,0,0,0
0,0.5141,0,0,0,0,3.8878,0,0,6.8399,0,0,8.9951,0,8.3208
0,0,0,0,0,0,0,0,0,0,0,0,0,0,0
0,0,0,0,0,0,0,0,0,0,0,0,0,0,0
0,0,0,0,0,0,0,0,0,0,0,0,0,0,0
0,4.0031,0,6.8516,0,2.3955,4.0649,6.5776,0,8.5452,8.303,0,1.8025,7.3469,7.4672
0,0,0,0,0,0,0,0,0,0,0,0,0,0,0
0,0,0,0,0,0,0,0,0,0,0,0,0,0,0
0,0,0,0,0,0,0,0,0,0,8.2719,0,0,0,0
0,1.6664,11.599,6.0113,6.5031,6.0369,2.5474,0,2.2362,9.1892,8.3946,0,5.4972,6.2692,8.8457
0,3.9909,0,6.971,7.8634,4.4643,0,0,0,8.1315,0,0.02302,0,0,0
0,0,14.562,0,0,0,0,0,0,0,0,0,0,0,0
0,1.9249,2.711,6.3699,0,3.4191,4.1573,6.9724,6.7819,8.7385,0,0,7.3092,8.8564,7.183
0,0,0,0,0,0,0,0,0,0,0,0,0,0,0
0,0,0,0,0,0,0,0,0,0,0,0,0,0,0
0,0,13.18,5.265,6.7112,2.2967,3.3771,9.1292,8.4376,8.8137,0,6.1356,3.7232,8.1979,8.0467
0,0,0,7.173,0,0,4.0973,8.2206,0,0,0,9.2459,0,0,0
0,0,0,0,0,0,0,0,0,0,0,0,0,0,0
0,0,0,0,0,0,0,0,0,0,0,0,0,0,0
0,0,0,0,0,0,0,0,0,0,0,0,0,0,0
0,0,0,0,0,0,6.3217,0,0,0,0,0,0,0,0
0,0,0,0,0,0,0,0,0,0,0,0,0,0,0
0,0,0,6.2891,0.52752,0,6.1072,0,0,0,0,0,0,0,0
0,0,0,0,0,0,0,0,0,0,0,0,0,0,0
0,0,0,0,0,0,0,0,0,0,0,0,0,0,0
0,0,0,0,0,0,0.88503,0,0,8.1978,0,0,0,0,0
0,0,0,0,0,0,4.2536,0,0,0,0,0,0.13294,10.049,0.70167
0,3.2412,12.861,4.2184,0,6.2672,2.267,6.8333,8.292,8.2827,0,0,7.6996,6.2053,7.8392
3.7975,2.2707,9.6557,4.3483,5.1706,4.6316,0.50346,6.7267,7.5027,7.8326,8.0338,2.4398,5.317,7.6412,7.1348
0,3.1344,11.103,5.225,0,2.6477,3.5717,7.313,8.5031,9.2161,0,5.235,0,7.8142,7.7943
0,0,0,0,0,0,0,0,0,0,0,0,0,0,0
0,0,0,0,0,0,0,0,0,0,0,0,0,0,0
0,0,0,0,0,0,0,0,0,0,0,0,0,0,0
0,0,0,0,0,0,0,0,0,0,0,0,0,0,0
0,0,0,0,0,0,0,0,0,0,0,0,0,0,0
13.691,3.2253,12.211,5.4906,3.4846,3.6531,2.9708,5.4025,8.1404,5.4685,5.7237,3.6346,4.1017,6.1732,5.0212
0,0,0,0,0,0,0,0,0,0,0,0,0,0,0
0,1.5565,13.221,6.6098,4.4615,4.9638,2.722,0,8.6136,0,8.2742,4.6589,7.0467,8.8595,7.8384
0,5.0117,0.63492,0,7.967,3.4429,2.0879,7.4121,0,9.5731,0.82847,0,4.7035,0,5.4491
0,0,0,0,0,0,0,0,0,0,0,0,0,0,0
0,7.0852,0,7.9989,0,0,3.9006,0,0,0,0.12511,0.29841,0,0,0
0,0,0,0,0,0,0,0,0,0,0,0,0,0,0
0,2.862,0,1.7463,0,0,1.637,1.6397,43.184,0,0,0.51958,1.5289,0,0
0,0,0,0,0,0,0,0,0,0,0,0,0,0,0
0,0,0,0,0,0,0,0,7.4071,0,0,0,0,0,0
0,0,0,0,0,0,0,0,0,0,0,0,0,0,0
0,5.5268,9.8368,0,6.0677,2.5418,4.5937,0,1.7117,6.1709,0,0,6.4256,7.8863,0
0,0,0,0,0,0,0,0,0,0,0,0,0,0,0
0,0,0,0,0,0,0,0,0,0,0,0,0,0,0
0,4.794,13.606,7.5147,5.9518,7.4476,3.3255,0.12407,0,8.7903,0.65825,0,6.8432,8.7139,0
0,0,0,0,0,0,0,0,0,0,0,0,0,0,0
0,1.8887,0,6.9682,0,1.9029,1.291,1.3556,0,7.6258,7.8481,6.5358,8.6777,5.9542,8.5988
0,0,0,0,0,0,0,0,0,0,0,0,0,0,0
0,0,0,0,0,0,0,0,0,0,0,0,0,0,0
0,0,0,0,0,0,0,0,0,0,0,0,0,0,0
0,2.6684,11.136,7.4791,3.63,7.5633,2.3208,8.4633,7.5085,0,9.3222,5.7767,0,9.4924,7.6902
0,0,0,0,0,0,0,0,0,0,0,0,0,0,0
0,0,0,0,0,0,0,0,0,0,0,0,0,0,0
0,3.5387,0,4.9134,0,6.0429,4.155,0,0,8.0828,0,1.6658,6.6192,0,9.4589
0,6.2185,0,0,0,0,0,0,0,0,0,0,0,0,0
0.034262,2.9496,15.793,7.6622,5.7511,5.6535,4.6387,7.1694,7.5748,8.5792,0,6.4611,5.6183,8.3704,9.3478
0,2.1937,15.042,6.8482,4.7774,4.8329,3.4629,1.5958,5.092,8.1674,0,6.776,6.8917,7.8785,7.5728
0,0,0,0,0,0,0,0,0,0,0,0,0,0,0
0,0,0,0,0,0,0,0,0,0,0,0,0,0,0
0,4.8863,8.272,0,0,0,2.0671,0,0,7.6521,0,6.3515,6.0239,0,0
0,0,0,0,0,0,0,0,0,0,0,0,0,0,0
0,0,0,0,0,0,0,0,0,0,0,0,0,0,0
0,6.5994,0,0,3.8339,0,5.1288,0,0,0,0.97517,0,0,0,8.542
0,2.1395,14.614,0,6.8024,4.3168,3.5174,6.4142,7.8397,7.669,3.3724,5.5679,6.2406,7.6374,8.1275
0,0,0,0,0,0,0,0,0,0,0,0,0,0,0
0,0,0,0,0,0,0,0,0,0,0,0,0,0,0
0,0,0,0,0,0,0,0,0,0,0,0,0,0,0
0,4.8168,13.845,0,0,0.39056,4.9445,0,0.58787,0,0,0,0.65439,0,0
15.986,2.3221,11.769,6.2506,4.583,5.3514,1.1159,5.4256,10.688,6.896,8.6599,4.2566,6.3864,8.2535,7.7306
0,0,0,0,0,0,0,0,0,0,0,0,0,0,0
0,0,0,0,0,0,0,0,0,0,0,0,0,0,0
0,0,0,0,0.20966,0,0,0,0,0,0,0,8.0302,0,0
0,0,0,0,0,0,0,0,0,0,0,0,0,0,0
0,0,0,0,0,0,0,0,0,0,0,0,0,0,0
0,2.8519,3.2275,7.0684,2.7057,6.0913,0,6.9331,0,8.242,9.9728,4.7837,8.1154,6.1256,7.1558
0,0,0,0,0,0,0,0,0,0,0,0,6.9237,0,0
0,0,0,0,0,0,0,0,0,0,0,0,0,0,0
0,3.8429,0,0,5.6923,7.752,0,0,0,0,0,0,0,0,0
0,2.8505,9.7419,5.4788,4.7663,0,2.0784,7.0236,6.1357,0,9.8211,6.4198,0,7.8735,7.7212
0,6.3216,6.4154,4.4375,1.0534,4.9791,0,0,0,0,0,0,0,7.0973,0
0,0,0,0,0,0,0,0,0,0,0,0,0,0,0
0,0,0,0,6.1755,0,2.6406,0,0,0,0,0,6.5886,8.1721,0
0,0,0,0.010662,5.0494,0,4.4125,0,8.825,0,0,0,6.051,0,8.7511
0,0,0,0,0,0,5.4985,0,0,0,0,0,0,0,0
0,0,0,0,0,0,0,0,0,0,0,0,0,0,0
0,0,0,0,0,0,0,0,0,0,0,0,0,0,0
0,0,0,0,0,0,0,0,0,0,0,0,0,0,0
0,0,0,0,0,0,0,0,0,0,0,0,0,0,0
0,0,0,0,0,0,0,0,0,0,0,0,0,0,0
0,0,0,0,0,0,0,0,0,0,0,0,0,0,0
0,0,0,0,0,0,0,0,0,0,0,0,0,0,0
0,0,0,0,0,0,0,0,0,0,0,0,0,0,0
0,0,0,0,0,0,0,0,0,0,0,0,0,0,0
0,0,0,0,0,0,0,0,0,0,0,0,0,0,0
0,3.0105,14.291,7.1486,1.6874,0,0,0,0,3.4347,0,7.059,7.1842,8.4212,7.7532
0,0,0,0,0,0,0,0,0,0,0,0,0,0,0
0,0,0,0,0,0,0,0,0,0,0,0,0,0,0
0,0,0,0,0,0,0,0,0,0,0,0,0,0,0
0,0,0,0,0,0,0,0,0,0,0,0,0,0,0
0,0,0,0,0,0,0,0,0,0,0,0,0,0,0
0,0,0,0,0,0,0,0,0,0,0,0,0,0,0
0,0,0,0,0,0,0,0,0,0,0,0,0,0,0
0,2.4531,0,5.7481,5.0887,5.4419,0,0,8.6481,6.5781,11.237,4.3591,5.6038,7.6236,5.9866
0,0,0,0,0,0,8.5426,0,0,0,0.078115,0,0.35208,0,0
0,0,0,0,0,0,0,0,0,0,0,0,0,0,0
0,3.2182,0,0,8.0866,3.5425,2.4436,0,2.3474,0,8.7874,7.4834,0,0,0
0,0,0,0,0,0,0,0,0,0,0,0,0,0,0
0,1.9922,12.93,0,4.5056,0,4.5212,0,0.08059,0,8.1524,0,5.9383,7.6474,0
0,0,0,0,0,0,0,0,0,0,0,0,0,0,0
0,3.7104,0,6.9509,0,3.0667,0,0,0,0,0,6.9093,8.1662,0,0
0,0,0,0,0,0,0,0,0,0,0,0,0,0,0
0,3.4547,0,7.1829,6.4606,3.9428,0.96543,0,6.1525,8.3628,1.6501,7.114,9.6039,0,0
0,0,0,0,0,0,0,0,0,0,0,0,0,0,0
0,0,0,0,0,0,0,0,0,0,0,0,0,0,0
0,0,0,0,0,0,0,0,0,0,0,0,0,0,0
0,0,0,0,0,0,0,0,0,0,0,0,0,0,0
0,0,0,0,0,0,0,0,0,0,0,0,0,0,0
0,0,0,0,0,0,0,0,0,0,0,0,0,0,0
0,0,0,0,0,0,0,0,0,0,0,0,0,0,0
0,0,0,0,0,0,0,0,0,0,0,0,0,0,0
0,4.9542,0,8.2051,0,0,0,0,5.6791,0,0,0,0,9.8305,7.4624
0,0,0,0,0,0,0,0,0,0,0,0,0,0,0
0,3.2286,0,0,0,2.6375,0.10321,0,0,0,0,0,0.22523,0,9.0262
0,0,0,0,0,0,0,0,0,0,0,0,0,0,0
0,0,0,0,0,0,0,0,0,8.2267,0,0,5.9342,0,0
0,5.984,0,0,0,10.566,2.7935,0,0,0,0,0,8.6501,0,6.0299
0,3.3271,12.622,5.7167,2.7245,4.6315,3.5466,0,7.9185,0,8.9114,5.6623,0,0,0
0,0,0,0,0,0,0,0,0,0,0,0,0,0,0
6.7924,1.521,13.332,4.524,5.0032,4.7233,1.3896,5.639,4.7545,7.9301,7.4694,6.1785,5.0263,6.3494,6.6218
0,0,0,0,0,0,0,0,0,0,0,0,0,0,0
0,0,0,0,0,0,0,0,0,0,0,0,0,0,0
0,0,0,0,0,0,0,0,0,0,0,0,0,0,0
0,0,0,0,0,0,0,0,0,0,0,0,0,0,0
0,2.4576,0,0,9.4909,5.0395,4.2793,0,0,0.74813,0.30608,1.5251,0,10.004,0
0,0.27523,0,0,8.1649,0,0,0,0,0,0,0,0,0,0
0,6.4874,0,0,0,7.1308,0.84015,0,0,0,0,0.27269,0.58431,0,0
0,0.20769,1.0595,0,0,7.3217,4.945,0,0,0,0,9.0535,0.65973,0,8.7049
0,0,0,0,0,0,0,0,0,0,0,0,0,0,0
0,0,0,0,0,0,0,0,0,0,0,0,0,0,0
2.1716,1.47,14.037,4.9639,4.3701,6.1519,3.5876,7.19,1.9738,7.91,0,6.2532,4.5099,8.16,8.4887
0,3.9353,0,0,7.6165,3.7959,3.9135,7.0741,0,0,0,6.3347,0,0,0
0,0,0,0,0,0,11.245,0,0,0,0,0,0,0,0
0,2.3455,9.3026,6.4253,7.1534,5.5869,2.7827,7.8105,7.1978,7.7161,8.6612,5.6634,4.8547,8.0425,6.3114
0,0,0,0,0,0,0,0,0,0,0,0,0,0,0
0,0.30279,0,0,0,7.7484,0,0,0,0,0,0,0,0.059523,0
0,2.4724,14.697,5.7818,0,3.0872,2.9051,0.639,5.2629,8.6479,0.68958,7.7557,8.834,7.5626,0
6.7895,0,13.266,3.8522,7.6306,4.6457,3.5299,7.2225,8.7504,7.8472,7.7889,4.483,7.0504,7.0257,6.9518
0,0,0,0,0,0,0,0,0,0,0,0,0,0,0
0,3.2415,0,7.5383,6.6297,2.3842,3.9076,0,5.1363,7.7257,0,7.0723,0,8.0459,7.4534
0,0,0,0,0,0,0,0,0,0,0,0,0,0,0
0,0,0,0,0,0,0,0,0,0,0,0,0,0,0
0,0,0,0,0,0,0,0,0,0,0,0,0,0,0
0,0,0,0,0,0,0,0,0,0,0,0,0,0,0
0,0,0,0,0,0,0,0,0,0,0,0,0,0,0
0,0,0,0,0,0,0,0,0,0,0,0,0,0,0
0,3.2923,12.56,6.3086,6.2148,0,2.2,0,10.214,8.0597,1.3146,5.3495,6.0976,8.0168,7.9622
0,0,0,0,0,0,0,0,0,0,0,0,0,0,0
0,0,0,6.9596,5.5022,4.2381,2.6522,0,0,0,9.5167,0,5.9277,0,8.1935
0,0,0,0,0,0,0,0,0,0,0,0,0,0,0
0,2.648,0,0,0,0,5.3324,0,0,0,0,7.5314,0.16128,0,0
0,0,0,0,0,0,0,0,0,0,0,0,0,0,0
0,0,0,0,0,0,0,0,0,0,0,0,0,0,0
0,0,0,0,0,0,0,0,0,0,0,0,0,0,0
0,0,0,0,0,0,0,0,0,0,0,0,0,0,0
0,0,0,0,0,0,0,0,0,0,0,0,0,0,0
0,0,0,0,0,0,0,0,0,0,0,0,0,0,0
0,0,0,8.1137,0,0,0,0,0,0,0,0,0,0,0
0,8.48,4.5317,0,5.7777,8.8855,4.5358,4.4691,0,0,0,0,0,0,0
0,4.9457,11.241,5.1093,0,0,4.1799,7.1505,5.3232,0,0,5.2064,0.17643,5.8479,8.0477
0,0,0,0,0,0,0,0,10.894,0,0,0,0,0,0
0,3.0454,0,0,9.6413,3.1675,0,7.539,0,9.2568,8.271,5.3806,5.5084,6.557,0
0,6.1132,0,0,0,0,5.1358,0,0,0,0.19198,0.34773,0,0,0
0,0,0,0,0,0,0,0,0,0,0,0,0,0,0
0,0,0,0,0,0,0,0,0,0,0,0,0,0,0
0,5.247,7.8096,4.3957,0,0,5.5136,6.7361,0,0,0,0,0,0,0
0,0,0,7.8038,0,0,3.7745,0,0,0,0,7.1023,0,9.8338,0
0,1.5834,0,0,0,8.413,4.6644,0,0,0,2.4501,8.0252,0,0,8.1944
0,0,0,0,0,0,0,0,0,0,0,0,0,0,0
0,0,0,0,0,0,0,0,0,0,0,0,0,0,0
0,0,0,0,0,0,0,0,0,0,0,0,0,0,0
0,0,0,0,0,0,0,0,0,0,0,0,0,0,0
0,0,0,0,0,0,0,0,0,0,0,0,0,0,0
0,0,0,0,0,0,0,0,0,0,0,0,0,0,0
0,0,0,0,0,0,0,0,0,0,0,0,0,0,0
0,0,0,8.2499,6.436,3.6528,2.5517,9.1466,2.5466,0,0.6129,7.3682,0,10.475,6.2988
0,0,0,0,0,0,0,0,0,0,0,0,0,0,0
0,0,0,0,0,0,4.7976,0,0,0,0,0,0.13911,0,0
0,0.27523,0,0,8.1649,0,0,0,0,0,0,0,0,0,0
0,2.8429,0,9.9719,5.9172,3.7434,2.4022,0,0.99382,2.6313,1.4763,6.7432,6.1016,8.4195,8.0863
0,0,0,0,0,0,0,0,0,0,0,0,0,0,0
0,3.8896,13.209,4.006,0,0.056031,1.8214,0,0,0,8.3073,4.8166,4.5872,0,0
0,0,0,0,0,0,0,0,0,0,0,0,0,0,0
0,2.914,0,0,0,5.4118,0.95547,0,0,0,0,0,4.9498,0,0
0,0,0,7.5477,0,0,0,0,10.031,0,0,0,0,0,0
0,0,0,0,0,0,0,0,0,0,0,0,0,0,0
0,0,13.217,6.7234,0,5.7117,6.0535,0,0,0,8.4331,0,0,0,0
0,5.3316,0,0,0,0,0,0,0,0,0,0,0.17594,0,0
0,0,0,0,0,7.9239,0,0,0,0,0,0,0,0,0
0,0,0,0,0,6.811,0.54642,0,0,0,0,0.12167,0,0,0
0,0,0,0,0,0,0,0,0,0,0,0,0,0,0
0,0,0,0,0,0,0,0,0,0,0,0,0,0,0
0,0,0,0,0,0,0,0,0,0,0,0,0,0,0
0,0,0,0,0,0,0,0,0,0,0,0,0,0,0
0,0,0,0,0,0,0,0,0,0,0,0,0,0,0
0,5.6799,10.668,5.0132,4.7909,7.3403,0,5.7665,0,0,0,0,6.7152,0,4.7167
0,2.4496,13.151,5.5804,3.6394,7.0933,2.4101,6.6755,9.9202,7.0442,9.1261,4.9361,6.2052,9.2084,6.6045
0,0,0,0,0,0,0,0,0,0,0,0,0,0,0
0,4.5167,0,0,0,0,0,0,9.2609,0.96162,0,0,6.3271,0,0
0,0,0,0,0,0,0,0,0,0,0,0,0,0,0
0,0,0,0,0,0,0,0,0,0,0,0,0,0,0
0,0,0,0,0,0,0,0,0,0,0,0,0,0,0
0,2.1307,0,0,1.0672,3.6931,3.5674,0,9.0352,0,0,0,6.6571,0,8.7154
0,0,0,0,0,0,0,0,0,0,0,0,0,0,0
8.3938,0,17.487,9.2489,9.3116,7.8518,4.2799,9.5012,14.222,11.255,13.278,8.9241,11.204,13.627,13.966
0,0,0,0,0,0,0,0,0,0,0,0,0,0,0
0,0,0,0,0,0,0,0,0,0,0,0,0,0,0
0,0,0,0,0,0,0,0,0,0,0,0,0,0,0
0,0,0,8.5603,0,0,0,0.31133,0,0,0,0,0,0,0
0,3.1982,8.374,5.6301,6.9502,0,1.8967,0,0,8.0021,8.7435,6.5827,6.0355,9.3058,8.5468
0,5.8535,10.426,6.1932,4.151,2.7498,3.7876,0,4.4869,8.832,0.72102,1.1508,0,0,6.6769
0,0,0,0,0,0,0,0,0,0,0,0,0,0,0
0,0,0,0,0,0,5.4772,0,0,0,0.4952,0,8.152,1.0987,0
0,0,0,0,0,0,0,0,0,0,0,0,0,0,0
0,6.6535,0,0,0,0,0,0,0,0,0,0.61608,0,0,0
0,0,0,0,0,8.81,0,0,0,0,0,0,0,0,0
0,0,0,0,0,0,0,0,0,0,0,0,0,0,0
0,0,0,0,0,0,0,0,0,0,0,0,0,0,0
0,2.9309,0,0,8.3796,3.4139,1.8787,0.049173,0,6.6458,8.6364,6.1805,6.1572,7.6876,7.4564
0,6.2185,0,0,0,0,0,0,0,0,0,0,0,0,0
0,3.8114,0,8.2457,1.6069,2.2103,2.8943,0,0,8.1431,0.23312,7.6435,6.2124,0,0
0,0,0,0,0,0,0,0,0,0,0,0,0,0,0
0,0,0,0,0,0,0,0,0,0,0,0,0,0,0
0,4.8489,13.172,6.2227,6.0155,2.916,2.3924,0,5.4344,0,0,5.2647,6.9066,7.3277,8.624
0,0.37892,0.42628,6.6269,8.5,7.8092,4.7602,0,0,0.86622,0,7.2143,5.9987,11.555,9.3781
0,0,0,0,0,0,0,0,0,0,0,0,0,0,0
0,0,0,0,0,0,0,0,0,0,0,0,0,0,0
0,0,0,0,0,0,0,0,0,0,0,0,0,0,0
0,5.6748,0,0,0,4.3229,4.5175,0,0,0,0,0,1.4799,0,0
0,0,0,0,0,0,0,0,0,0,0,0,0,0,0
0,0,0,0,0,0,0,0,0,0,0,0,0,0,0
0,7.1242,0,0,0,0,2.4032,0,0,0.14684,0,0,0.38664,10.088,7.2213
2.7555,2.8859,12.751,5.7264,1.3601,5.229,1.8552,7.3202,7.0363,8.1004,7.2184,2.1594,4.7054,8.5407,7.7675
0,4.3977,0,7.5592,0,0,3.7338,0,5.8412,0,0.41588,7.7003,0,0,0
0,2.6965,0,0,0,0,3.599,6.5581,3.6717,7.5792,7.5608,0,8.9013,0,7.693
0.48244,1.9302,15.219,6.2876,6.2634,5.3314,1.6387,0,8.177,8.3881,8.4641,4.45,5.5212,10.062,9.062
0,0,0,0,0,0,0,0,0,0,0,0,0,8.4666,8.6755
0,0,0,0,0,0,0,0,0,0,0,0,0,0,0
0,2.9082,12.957,6.2537,7.9785,0,3.1433,0,0,7.6716,8.7,5.3641,1.461,0,7.5173
0,5.2001,8.2666,0,0,0,3.2058,0,3.0823,8.4373,0,6.951,5.7411,0,0
0,0,0,0,0,0,5.4985,0,0,0,0,0,0,0,0
0,0,0,0,0,0,0,0,0,0,0,0,0,0,0
0,0,0,0,0,0,0,0,0,0,0,0,0,0,0
0,0,0,0,0,0,0,0,0,0,0,0,0,0,0
1.8431,0.73908,0,7.9176,5.6557,3.9492,2.722,7.3878,7.6521,8.9326,0.72295,6.8926,7.1559,10.428,8.3507
0,0,0,0,0,0,0,0,0,0,0,0,0,0,0
0,0,0,0,0,0,0,0,0,0,0,0,0,0,0
0,3.273,0,7.5465,4.8016,0,4.2332,0,0,6.6124,0.016119,0,5.3381,9.6296,6.1887
0,0,0,0,0,0,0,0,0,0,0,0,0,0,0
0,4.0751,0,0,9.3898,5.5865,0,0,0,0,0,0.11065,0,9.689,0
0,0,0,0,0,0,0,0,0,0,0,0,0,0,0
0,6.1659,0,4.8403,0,0,6.6456,0.2769,0,0,0,0,0.3636,0.2008,0
0,0,0,0,0.20966,0,0,0,0,0,0,0,8.0302,0,0
0,0,0,0,0,0,0,0,0,0,0,0,0,0,0
0,0,0,0,0,0,0,0,0,0,0,0,0,0,0
0,0,0,0,0,0,0,0,0,0,0,0,0,0,0
0,3.4022,0,5.4609,0,7.5729,4.1238,7.7906,1.6456,7.8631,0.72641,0,3.4865,9.272,0
0,0,0,0,0,0,0,0,3.8493,0,0,0,0,0,0
0,7.3136,5.8206,7.3624,3.7351,0,6.4851,0.081389,0,0,0,6.8496,0,0,0
0,2.1754,15.466,6.37,5.0397,7.0056,0.042588,0,0,0,7.9635,4.8658,6.7764,0,8.5418
0,0,0,0,0,0,0,0,0,0,0,0,0,0,0
0,0,0,0,0,0,0,0,0,0,0,0,0,0,0
0,0,0,0,0,0,0,0,0,0,0,0,0,0,0
0,0,0,0,0,0,0,0,0,0,0,0,0,0,0
0,0,0,0,0,0,0,0,0,0,0,0,0,0,0
0,3.0111,0,8.2213,3.2945,3.0465,4.8774,0,3.738,9.2457,0,0,6.2721,0,7.6521
0,1.9654,13.54,5.1123,0,5.2798,1.0859,0,4.7442,9.1444,0,7.8865,7.849,0,7.2809
0,0,0,0,8.4403,0,0.029051,0,0.14564,0,0,0,0.019305,0,0
0,2.9382,0,8.0499,7.8184,0,3.5605,0,0,0,0,0.35359,0,7.6456,6.255
0,3.2413,11.847,7.4855,4.2118,5.1899,2.4537,0,8.3295,7.9545,8.3952,4.1531,1.9735,5.8652,5.6429
0,3.8735,10.477,4.8237,5.5988,7.4634,2.1628,8.0812,8.2603,7.8672,0,0,4.3075,7.0898,5.7997
0,0,0,7.8818,5.6401,0,2.5603,7.0172,0,7.0732,0,0,7.4964,0,6.4403
0,4.9809,8.6417,0,0,5.9828,5.8177,8.7771,3.6177,7.6582,0,0,0,6.5825,6.6775
0,0,0,0,0,0,0,0,0,0,0,0,0,0,0
0,4.8304,0,6.4801,5.3781,3.3924,2.1768,6.9027,4.2601,8.1761,0,8.1999,0,9.377,9.7077
0,0,0,0,0,0,0,0,0,0,0,0,0,0,0
0,6.3834,13.748,0,4.0018,0,2.2839,0,0,6.9727,0,0,0,0,0
0,0,0,0,0,0,0,0,0,0,0,0,0,0,0
0,0,0,0,0,0,0,0,0,0,0,0,0,0,0
0,0,0,0,0,0,0,0,0,0,0,0,0,0,0
0,0,0,0,0,0,0,0,0,0,0,0,0,0,0
0,0,0,0,0,0,0,0,0,0,0,0,0,0,0
0,0,0,0,0,0,0,0,0,0,0,0,0,0,0
0,4.9025,8.859,5.8545,7.9331,0,0,7.7752,0,8.9063,0,6.4773,0,6.8797,0
0,0,0,0,0,0,0,0,0,0,0,0,0,0,0
0,0,0,0,0,0,0,0,0,0,0,0,0,0,0
0,4.4901,15.47,0,0,0,6.1307,6.4205,0,0,0,0,2.8331,0,0
0,0,0,0,0,0,0,0,0,0,0,0,0,0,0
0,0,0,0,0,0,0,0,0,0,0,0,0,0,0
0,0,0,0,0,0,0,0,0,0,0,0,0,0,0
0,4.1214,13.806,6.231,3.6459,6.9039,2.9624,0,8.962,7.4893,3.2842,5.8832,5.0055,6.983,7.2055
0,8.174,0,0.12328,2.0517,0,4.6331,0,0,0,0.51776,0,0,0,0
0,4.0238,0,0,0,4.7383,0,0,0,8.0889,0,0,6.377,0,0
0,0,0,0,7.3533,0,5.7615,7.1872,4.3088,0,0,0,0,0,8.0373
0,0,0,0,0,0,0,0,0,0,0,0,0,0,0
0,0.52801,13.699,6.6614,5.4587,6.6341,3.5612,6.5751,8.9137,0,0.87012,0,3.7482,8.2999,7.7821
0,4.6075,0,0,0,0,4.5089,6.9315,6.9576,7.8265,0.15982,0.10845,0,0,8.2819
0,0,0,0,0,0,0,0,0,0,0,0,0,0,0
0,0,0,0,0,0,0,0,0,0,0,0,0,0,0
0,1.5508,13.321,5.2465,2.7643,3.611,3.2685,0,5.3938,9.2288,0,6.142,5.5059,8.3546,9.0269
0,0,20.901,0,8.9745,8.3699,8.4304,0,14.167,0,12.953,4.9843,5.109,8.1936,9.3466
0,0,0,0,0,0,0,0,0,0,0,0,0,0,0
0,0,0,0,0,0,0,0,0,0,0,0,0,0,0
0,6.6744,0,0,0,0,4.2335,0,0,0,0,0,1.5908,9.6396,4.7189
0,0,0,0,0,0,0,0,0,0,0,0,0,0,0
0,5.6786,0,0,0,6.2394,0.69186,0,0,0,0,0,1.0686,0,0.41289
0,0,0,0,0,0,0,0,0,0,0,0,0,0,0
0,0,0,0,0,0,0,0,0,0,0,0,0,0,0
0,0,0,0,0,0,0,0,0,0,0,0,0,0,0
0,0,0,0,0,0,0,0,0,0,0,0,0,0,0
0,2.4176,11.271,0,0,0,3.9561,0,0,0,0,0,0,0,0
0,0,0,0,0,0,0,0,0,0,0,0,0,0,0
0,0,0,0,0,0,0,0,0,0,0,0,0,0,0
0,0,0,0,0,0,0,0,0,0,0,0,0,0,0
0,0,0,0,0,0,0,0,0,0,0,0,0,0,0
0,0.95537,0,0,0,2.7784,4.9225,0,6.9929,6.4786,0,6.4946,6.4085,0,8.5278
0,0,0,7.1998,0,6.1003,6.6819,0.12479,0,0,9.5464,7.096,0,0,0
0,3.7644,0,7.9078,6.2277,4.9699,4.2806,0,0,0,0,0,7.3949,8.3126,1.5149
0,0,0,0,0,0,0,0,0,0,0,0,0,0,0
0,0,0,0,0,0,8.2783,0,0,0,0,0,0,0,0
0,5.3316,0,0,0,0,0,0,0,0,0,0,0.17594,0,0
0,0,0,0,0,0,0,0,0,0,0,0,0,0,0
0,0,0,0,0,0,0,0,0,0,0,0,0,0,0
8.9807,2.611,12.908,7.4123,3.2255,5.9709,1.6615,6.282,9.5593,7.5175,6.5706,3.9755,6.3773,7.1469,6.6095
0,4.2989,12.685,5.9815,5.6863,5.3391,5.7957,0,0,5.7478,0,0,0,0,8.2561
0,0,0,0,0,0,0,0,0,0,0,0,0,0,0
0,0,0,7.2576,3.6877,0,5.311,0,10.427,0,0,0,0,0,0
0,0,0,0,0,0,0,0,0,0,0,0,0,0,0
0,0,0,0,0,0,0,0,0,0,0,0,0,0,0
0,0.61713,0,7.4912,5.5826,3.6651,1.926,9.2335,0,0,8.3717,7.7245,6.551,0,6.0052
0,0,0,0,0,0,0,0,0,0,0,0,0,0,0
0,0,0,0,0,0,0,0,0,0,0,0,0,0,0
0,4.7522,0,0,0,0,0,0.017435,0,0,0,1.0419,0,0,0
0,0,0,0,0,0,0,0,0,0,0,0,0,0,0
0,0,0,0,0,0,0,0,0,0,0,0,0,0,0
0,0,0,0,0,0,0,0,0,0,0,0,0,0,0
0,0,0,0,0,0,0,0,0,0,0,0,0,0,0
0,0,0,0,0,0,0,0,0,0,0,0,0,0,0
0,0,0,0,0,0,0,0,0,0,0,0,0,0,0
0,0,0,0,0,0,0,0,0,0,0,0,0,0,0
0,0,0,0,0,0,0,0,0,0,0,0,0,0,0
0,0,0,0,0,0,0,0,0,0,0,0,0,0,0
0,0,0,0,0,0,0,0,0,0,0,0,0,0,0
0,0,0,0,0,0,0,0,0,0,0,0,0,0,0
0,2.4249,0,7.5386,2.1503,4.7337,2.5803,0,2.7621,8.1114,10.6,0,5.5416,7.9538,0
0,3.0619,12.682,4.8853,6.0307,3.9854,0.75847,8.8351,0,9.5634,8.6132,6.88,7.0625,7.1127,8.8447
0,0,0,0,0,0,0,0,0,0,0,0,0,0,0
0,0.55968,0,0,0.75168,0,6.4013,0.055316,0,0,0.32056,0,0,0.92938,0
0,0,0,0,0,0,0,0,0,0,0,0,0,0,0
0,3.0188,0,5.2236,4.0608,4.5922,2.0026,3.9476,3.4339,1.0814,9.2124,5.5675,8.2232,8.3427,6.1849
0,3.6788,0,0,0,3.1501,5.3996,0,8.4997,0,0,7.2749,0,0,1.4048
0,0,0,0,0,0,0,0,0,0,0,0,0,0,0
27.663,3.5762,9.6133,5.4352,1.8341,4.251,2.3013,1.2801,7.9214,4.7932,4.1796,1.7555,3.7465,4.2579,5.3693
0,0,0,0,0,0,0,0,0,0,0,0,0,0,0
0,0,0,0,0,0,0,0,0,0,0,0,0,0,0
0,0,14.826,2.8947,3.2111,6.4789,0,7.0175,6.1378,7.5927,0,0,4.9081,7.6785,8.9456
0,0,0,0,0,0,0,0,0,0,0,0,0,0,0
0,0,0,0,0,0,0,0,0,0,0,0,0,0,0
0,0,0,0,0,0,0,0,0,0,0,0,0,0,0
0,6.6535,0,0,0,0,0,0,0,0,0,0.61608,0,0,0
0,0,0,0,0,8.461,7.6733,0,0,0,0,0,0,7.5841,0
0,0,0,0,0,0,0,0,0,0,0,0,0,0,0
0,5.3432,0,0,0,0,4.574,5.9827,10.569,0,0,0,0,0,7.995
10.694,0,20.074,10.362,8.1354,8.6707,4.6922,10.525,16.681,10.858,14.46,9.9477,12.168,13.555,15.251
0,0,0,0,0,0,0,0,0,0,0,0,0,0,0
0,0,0,7.4566,6.7662,0,4.1746,0,0,0,0,7.0006,0,8.0318,0
0.56852,3.9489,13.003,7.0319,7.0397,5.1122,3.1091,7.9972,8.9706,9.0115,0,4.9305,6.2435,9.3641,7.558
0,0,0,0,0,0,0,0,0,0,0,0,0,0,0
0,0,0,0,0,0,0,0,0,0,0,0,0,0,0
0,0,0,0,0,0,0,0,0,0,0,0,0,0,0
0,1.3164,13.811,5.1858,5.7747,1.7849,2.6381,0,3.8393,7.386,8.2363,6.2715,5.5736,7.6686,8.9327
0,0,0,0,0,0,0,0,0,0,0,0,0,0,0
0,0,0,0,0,0,0,0,0,0,0,0,0,0,0
0,0,0,0,0,0,0,0,0,0,0,0,0,0,0
0,0,0,0,0,0,0,0,0,0,0,0,0,0,0
7.1812,3.1956,9.5914,5.8938,3.6493,0.040184,2.6823,5.7399,7.4634,7.1551,0,3.9294,5.1743,7.3111,5.5431
0,0,0,5.0254,0,8.8189,3.1458,0,3.1163,0,0,0,6.7698,0,0
0,4.4656,14.905,0.052158,4.9921,4.2285,1.2685,1.0274,0,7.5489,8.1228,0,6.7239,8.3706,9.2953
0,0,0,0,8.6022,0,5.1964,0,0,0,0,0,0,0,0
0,0,0,0,0,0,0,0,0,0,0,0,0,0,0
0,0,0,0,0,0,0,0,0,0,0,0,0,0,0
0,0,0,0,0,0,0,0,0,0,0,0,0,0,0
0,0,0,0,9.3197,0,4.8304,0,0,0,0,0,0,0,8.7146
0,0,0,0,0,0,0,0,0,0,0,0,0,0,0
0,0,0,0,0,0,0,0,0,0,0,0,0,0,0
0,0,0,0,0,0,0,0,0,0,0,0,0,0,0
0,0,0,0,0,0,0,0,0,0,0,0,0,0,0
0,0,0,0,0,0,0,0,0,0,0,0,0,0,0
0,0,0,0,0,0,0,0,0,0,0,0,0,0,0
0,0,13.244,0,0,0,0,0,0,0,0,0,0,0,0
0,2.7567,0,0,0,8.77,0.098875,0,0,0,0,0.12764,7.4336,0,0
0,0,0,0,0,0,0,0,0,0,0,0,0,0,0
0,0,0,0,0,0,0,0,0,0,0,0,0,0,0
0,0,0,0,0,0,0,0,0,0,0,0,0,0,0
0,0,0,0,0,0,0,0,0,0,0,0,0,0,0
0,0,0,0,0,0,0,0,0,0,0,0,0,0,0
0,0,0,0,0,0,0,0,0,0,0,0,0,0,0
0,4.2573,12.309,0,0,3.8009,4.7612,0,7.1059,0,0,0.29236,0,0,8.2717
0,2.5158,11.169,5.507,0,0,3.4841,6.3477,0,0,8.7581,0,7.5992,6.5759,9.3729
0,5.6794,12.912,3.1131,4.4835,6.0932,4.1658,7.4925,0.30088,6.1041,0,0,4.5685,0,7.7774
0,0,0,0,0,0,0,0,0,0,0,0,0,0,0
0,0,0,0,0,0,0,0,0,0,0,0,0,0,0
0,0,0,0,0,0,0,0,0,0,0,0,0,0,0
0,0,0,0,0,0,0,0,0,0,0,0,0,0,0
0,0,0,0,0,0,0,0,0,0,0,0,0,0,0
0,0,0,0,0,0,0,0,0,0,0,0,0,0,0
0,0,0,0,0,0,0,0,0,0,0,0,0,0,0
0,0,0,0,0,0,0,0,0,0,0,0,0,0,0
0,0,0,0,0,0,0,0,0,0,0,0,0,0,0
0,0,0,0,0,0,0,0,0,0,0,0,0,0,0
0,0,0,0,0,0,0,0,0,0,0,0,0,0,0
0,0,0,0,0,0,0,0,0,0,0,0,0,0,0
0,0,0,0,0,0,0,0,0,0,0,0,0,0,0
5.6614,2.0751,2.4721,5.7311,5.3493,5.1684,0.0078342,7.0228,8.5001,5.875,2.395,6.0429,4.5569,6.4428,7.0286
0,7.6284,0,0,6.0743,0,5.55,0,0,0,0,0,0.54968,0,0
0,0,0,0,0,0,0,0,0,0,0,0,0,0,0
0,4.4111,15.556,10.052,9.6835,8.7339,5.7712,9.7604,4.0314,10.557,10.731,7.8285,7.4372,8.2635,12.094
0,0,0,0,0,0,0,0,0,0,0,0,0,0,0
0,9.0308,8.1535,0,4.4501,2.875,0,0,0,0,0,0,0.9144,0,0
0,3.2218,0,0,3.9348,8.1406,0,8.2778,0,0,0,0,5.8681,10.424,8.6164
0,0,0,0,0,0,0,0,0,0,0,0,0,0,0
0,0,13.157,5.0623,2.2297,6.7744,4.5777,7.5061,9.1264,6.3715,0,3.8704,4.6289,9.6879,6.096
0,0,0,0,0,0,0,0,0,0,0,0,0,0,0
0,0,0,7.4484,0,7.7987,0,0,0,0,0,0,0,0,0
0,0,0,0,0,0,0,0,0,0,0,0,0,0,0
0,0,0,0,0,0,0,0,0,0,0,0,0,0,0
0,0,0,0,0,0,0,0,0,0,0,0,0,0,0
0,0,0,0,0,0,0,0,0,0,0,0,0,0,0
0,0,0,0,0,0,0,0,0,0,0,0,0,0,0
0,0,0,0,0,0,0,0,0,0,0,0,0,0,0
0,0,0,0,0,0,0,0,0,0,0,0,0,0,0
0.00090972,2.6508,14.695,5.6035,2.0722,4.8982,1.4495,7.5779,5.3848,9.1563,8.2496,5.9921,5.3027,8.0526,7.2344
0,0,0,0,0,0,0,0,0,0,0,0,0,0,0
0,4.5776,0,0.29145,0,5.9191,5.3954,0,9.8911,0,0,5.5551,0,0,0
0,0,0,0,8.4403,0,0.029051,0,0.14564,0,0,0,0.019305,0,0
0,11.955,0.11829,0,0,0,9.0032,6.3437,0,8.0748,0,0,3.6327,0,0
0,0,0,0,0,0,0,0,0,0,0,0,0,0,0
0,0,0,0,0,0,0,0,0,0,0,0,0,0,0
0,0,0,0,0,0,0,0,0,0,0,0,0,0,0
0,4.8986,0,0,8.0448,0,0,0,0,0,0,0,1.0985,0,0
0,0,17.687,10.83,0,4.4433,7.1414,5.1966,0,10.587,9.4358,9.1011,6.8232,7.3539,7.0737
0,0.8991,0,0,4.9704,0.6965,5.1233,0,0,7.5846,0,0,8.5236,5.9608,7.9832
0,0,0,0,0,0,0,0,0,0,0,0,0,0,0
0,0.33326,0,0,9.8864,0,0,0,0,0,0,0,0,0,0
0,0,0,8.6283,0,0.97355,0,0,0,0,0,0,0,0,0
0,0,0,0,0,0,0,0,0,0,0,0,0,0,0
0,0,0,0,0,0,4.5869,0,0,0.079908,7.5476,0,9.6927,0,0
0,0,0,0,0,0,0,0,0,0,0,0,0,0,0
0,0,0,0,0,0,0,0,0,0,0,0,7.529,0,10.231
0,0,0,0,0,0,0,0,0,0,0,0,0,0,0
0,0,0,0,0,0,0,0,0,0,0,0,0,0,0
0,0,0,0,0,0,0,0,0,0,0,0,0,0,0
0,0,0,0,0,0,0,0,0,0,0,0,0,0,0
0,3.5239,2.8247,5.295,7.6619,0,2.6905,7.9973,9.006,0,0,0,0,9.9461,9.8292
0,0,0,0,0,0,0,0,0,0,0,0,0,0,0
0,0,0,0,0,0,6.2618,0,0,0.88395,0,0,6.6791,0,0
0,0,0,0,0,0,0,0,0,0,0,0,0,0,0
0,0,0,0,0,0,0,0,0,0,0,0,0,0,0
0,0,0,0,0,0,0,0,0,0,0,0,0,0,0
0,0,0,0,0,0,0,0,0,0,0,0,0,0,0
0,0,0,0,0,0,0,0,0,0,0,0,0,0,0
0,0,0,0,0,0,0,0,0,0,0,0,0,0,0
0,0,0,0,0,0,0,0,0,0,0,0,0,0,0
0,0,0,0,0,0,0,0,0,0,0,0,0,0,0
0,0,0,0,0,0,0,0,0,0,0,0,0,0,0
0,0,0,0,0,0,0,0,0,0,0,0,0,0,0
0,0,0,0,0,0,0,0,0,0,0,0,0,0,0
0,2.6826,0,0,6.8861,0,3.3607,0,4.0742,6.8008,7.6525,6.1845,6.8218,0,0
0,0,0,0,0,0,0,0,0,0,0,0,0,0,0
0,0,0,0,0,0,0,0,0,0,0,0,0,0,0
0,0,0,0,0,0,0,0,0,0,0,0,0,0,0
0,3.7943,0,4.766,0,0,3.835,0,0,0,8.3732,0,0,7.3208,8.9246
0,0,12.918,4.4861,0,0,5.1641,0,0,6.51,0,0,6.3069,8.2798,0
0,3.9246,0,6.6963,0,13.042,0,10.59,0,0,0,0,4.7184,0,6.2655
0,0,0,0,0,0,0,0,0,0,0,0,0,0,0
14.446,1.2403,9.8831,4.67,3.0729,3.8815,1.7411,3.5995,7.4175,6.0722,5.2853,4.1372,5.637,6.9471,8.3436
0,0,14.815,0,7.7821,0,0,0,0,0,0,0,0,0,0
0,0,0,0,0,0,0,0,0,0,0,0,0,0,0
0,0,0,0,0,0,0,0,0,0,0,0,0,0,0
0,0,0,0,0,0,0,0,0,0,0,0,0,0,0
0,0,0,0,0,0,0,0,0,0,0,0,0,0,0
0,2.3583,0,6.1041,1.6378,2.3186,2.8034,7.4823,2.278,8.2545,0,8.6057,7.0964,6.7136,8.6909
0,0,0,0,0,0,0,0,0,0,0,0,0,0,0
0,0,0,0,0,0,0,0,0,0,0,0,0,0,0
0,2.6901,15.242,5.0575,7.3004,3.6624,1.7462,9.3432,3.5892,8.2283,7.8132,5.1854,5.0081,6.748,7.7514
0,0,0,7.5107,0,4.4643,0,0,3.1238,0,0,7.6689,0,0,7.8643
0,0,0,0,0,0,0,0,0,0,0,0,0,0,0
0,0,0,0,0,0,0,0,0,0,0,0,0,0,0
0,0,0,0,0,0,0,0,0,0,0,0,0,0,0
0,0,13.975,5.9307,6.4492,0,2.3135,0.45634,0,0,0,0,5.8443,8.2215,8.0855
0,2.4638,12.521,4.0626,4.1343,4.6173,2.1415,6.2936,0,7.8331,7.7349,5.3896,5.802,7.2004,0
0,2.5644,14.919,4.7178,7.7381,5.8507,2.599,8.0808,0,7.7305,8.0975,5.8389,4.5855,8.531,7.3503
0,0,0,0,0,0,0,0,0,0,0,0,0,0,0
0,0,0,0,0,0,0,0,0,0,0,0,0,0,0
0,0,0,0,0,0,0,0,0,0,0,0,0,0,0
0,0,0,0,0,0,0,0,0,0,0,0,0,0,0
0,0,0,0,0,0,0,0,0,0,0,0,0,0,0
0,0,0,0,0,0,0,0,0,0,0,0,0,0,0
0,0,0,0,0,0,0,0,0,0,0,0,0,0,0
0,3.8736,0,0,0,6.2886,0,0,0,8.5151,9.4027,7.2743,0.85289,9.4151,0
0,0,0,0,0,0,0,0,0,0,0,0,0,0,0
0,2.3038,15.442,5.9096,5.3957,6.074,1.7087,8.4347,7.9267,9.1133,7.6509,5.7275,5.5006,9.5768,8.1956
0,1.7094,0,0,0.39534,5.9565,4.1325,0.33544,0,0.025372,0,7.6501,0,10.246,0
0,0,0,0,0,0,0,0,0,0,0,0,0,0,0
0,4.8516,10.345,6.5737,0,0,0,2.5708,0,9.1023,0,0,8.5033,0,0
0,0,0,0,0,7.4852,0,0,0,0,8.2894,0,0,0,0
0,0,0,0,0,0,0,0,0,0,0,0,0,0,0
0,0,0,0,0,0,0,0,0,0,0,0,0,0,0
0,0.68411,0.63794,0,0,0,5.5782,7.5291,2.5784,0,0,0,6.9658,10.712,0
0,5.8339,0,2.6147,6.2191,0.57742,0,0,7.9719,0,0,0,3.8434,0,0
0,2.4224,0,6.4724,3.8265,3.6252,2.0196,0,9.6967,7.0901,1.2278,6.5139,6.1114,6.5506,0
0,0,0,8.1137,0,0,0,0,0,0,0,0,0,0,0
0,0,0,0,0,0,0,0,0,0,0,0,0,0,0
0,0,0,0,0,0,0,0,0,0,0,0,0,0,0
0,0,0,0,0,0,0,0,0,0,0,0,0,0,0
0,0,0,0,0,0,0,0,0,0,0,0,0,0,0
0,0,0,0,0,0,0,0,0,0,0,0,0,0,0
0,5.453,9.7404,0,0,0,4.9701,5.8887,0,0.52899,0,0,5.2284,6.6709,7.7303
0,0,0,0,0,0,0,0,0,0,0,0,0,0,0
0,0,0,0,0,0,0,0,0,0,0,0,0,0,0
0,1.9893,0,2.2634,0,6.957,3.9107,0,0,1.2667,8.2658,0,7.978,0,7.2349
0,5.9164,0,0,0,0,4.975,0,0,0,0,0,2.006,0,0
0,0,0,0,0,0,0,0,0,0,0,0,0,0,0
0,2.6566,0,7.5273,0,0,0,0,0,0,0.64885,8.3283,0,0,0
0,0,0,0,0,0,5.9392,0,0,6.0382,0,0,0,0,8.731
0,0,0,0,0,0,0,0,0,0,0,0,0,0,0
0,0,0,0,0,0,0,0,0,0,0,0,0,0,0
0,0,0,0,0,0,0,0,0,0,0,0,0,0,0
0,2.1311,14.604,0,5.4071,5.8632,1.7081,9.139,8.2162,8.0122,8.7264,4.4092,6.1661,0,8.9808
0,0.30279,0,0,0,7.7484,0,0,0,0,0,0,0,0.059523,0
0,4.5111,14.483,5.9424,5.2318,2.2315,3.4658,8.1752,3.395,0,0,6.1541,5.4789,5.7292,9.3562
0,5.4157,0,0,0,0,0.99741,0,0,0,0,0.86686,0,0,0
0,0,0,0,0,0,0,0,0,0,0,0,0,0,0
0,0,0,0,0,0,0,0,0,0,0,0,8.1829,7.9531,0.62515
0,6.2185,0,0,0,0,0,0,0,0,0,0,0,0,0
0,0,0,0,0,0,0,0,0,0,0,0,0,0,0
3.9013,3.0368,11.91,4.3416,6.1536,0.88326,1.9874,5.1026,7.4461,7.5234,7.8975,5.2105,0,4.2868,7.8359
0,0,0,0,0,0,0,0,0,0,0,0,0,0,0
0,0,0,0,0,0,0,0,0,0,0,0,0,0,0
0,0,0,0,0,0,0,0,0,0,0,0,0,0,0
0,0,0,0,0,0,0,0,0,9.9035,0,0,0,0,0
0,4.9639,0,1.843,7.3669,4.7138,2.1427,7.3361,0,0,0,0.6185,6.966,1.5778,0
0,2.648,0,0,10.336,6.896,3.2372,0,0,0,2.2313,7.4994,0,9.6129,7.5819
0,3.4469,11.332,6.8282,5.5542,4.86,2.2174,6.3693,6.7654,7.6744,8.8818,0,3.6798,8.3334,8.8347
0,0,0,0,0,0,0,0,0,0,0,0,0,0,0
0,4.4015,0,0,0,0,6.31,0,0,0,0,0.091829,0.29762,0,0
0,0,0,0,0,0,0,0,0,0,0,0,0,0,0
0,0,0,0,0,0,0,0,0,0,0,0,0,0,0
0,0,0,0,0,0,0,0,0,0,0,0,0,0,0
0,0,0,6.8535,0,0,0,0,0,0,0,0,0,0,0.095611
0,3.3448,0,0,5.6417,0,1.5671,0,0,7.9425,9.1253,8.6835,7.3401,0,8.2037
0,0,0,0,0,0,0,0,0,0,0,0,0,0,0
0,0,14.781,7.1733,0,0,0,7.6225,0,0,0,0,0,0,0
0,0,0,0,0,0,0,0,0,0,0,0,0,0,0
0,0,0,0,0,0,0,0,0,0,0,0,0,0,0
0,0,0,0,0,0,0,0,0,0,0,0,0,0,0
0,0,0,0,0,0,0,0,0,0,0,0,0,0,0
0,3.3164,14.401,6.5567,0,0,0,1.673,3.1452,0,0,0,0,7.8851,0
3.836,0.57669,13.678,5.4637,6.2979,4.8094,3.5991,7.2487,4.9904,5.2197,7.2788,3.7466,4.6779,6.5664,7.1752
0,5.5358,13.532,0,0,0,0,0,0,0,0,0,0,0,0
0,4.0451,9.0161,0,5.583,0,0,0,0,0,0,0,0,0,0
0,4.6015,9.8438,0,0,7.8087,0,0,0,0,8.4428,0,0,0,0
0,3.5445,0,0,0,0,0.39983,0,0,0,0,0,5.2813,0,0
0,0,0,0,0,0,0,0,0,0,0,0,0,0,0
0,3.74,0,5.0816,0,7.9174,3.7386,0,0.39428,9.255,0,0,0,0,0
0,0,0,0,0,0,0,0,0,0,0,0,0,0,0
0,0.073627,15.383,0,7.8782,7.0226,0,0,0,9.6828,0,0,0,7.1675,7.3822
0,0,0,0,0,0,4.7976,0,0,0,0,0,0.13911,0,0
0,0.27011,0,0,0,8.0157,0,0,0,0,0,0,0,0.06192,0
0,1.2492,12.818,6.023,2.5798,6.4542,2.7252,7.3901,7.2842,0,8.6665,4.2268,6.3913,0,6.6
0,6.9598,0,0,0,4.3501,0,0,0,0,0,0,7.025,0,5.5509
0,4.7503,0,0,0,6.2454,0.54677,0,0,0,0,0,0.48984,0,0.26173
0,0,0,0,0,0,0,0,0,0,0,0,0,0,0
0,1.9043,17.459,3.3796,6.2463,6.965,2.0733,8.1885,8.0285,0,8.8809,4.2817,5.805,8.259,8.1166
1.9783,4.1065,3.9122,6.2578,4.0043,4.8986,3.1392,5.765,8.4012,6.1728,1.1425,3.9018,5.842,7.5706,7.2948
8.5002,1.7459,9.72,3.012,2.537,4.6563,1.09,4.0913,7.4052,5.5997,6.8655,2.6696,4.2546,5.3456,5.5926
0,0,0,0,0,0,0,0,0,0,0,0,0,0,0
0,0,0,0,0,0,0,0,0,0,0,0,0,0,0
0,1.1253,13.133,4.2485,3.1072,5.3791,2.4749,9.9334,8.5473,9.0311,0,5.9017,4.4104,8.6045,8.4576
0,2.1402,12.43,5.0328,4.6535,6.0561,2.9613,6.8964,5.6729,0,0,6.028,7.6392,7.804,8.054
0,0,0,0,0,0,0,0,0,0,0,0,0,0,0
0,0,0,0,0,0,0,0,0,0,0,0,0,0,0
0,0,0,0,0,0,0,0,0,0,0,0,0,0,0
0,0,0,0,0,0,0,0,0,0,0,0,0,0,0
0,0,0,0,0,0,0,0,0,0,0,0,0,0,0
0,0,0,0,0,0,0,0,0,0,0,0,0,0,0
0,0,0,0,0,0,0,0,0,0,0,0,0,0,0
0,0,0,0,0,0,0,0,0,0,0,0,0,0,0
0,0,0,0,0,0,0,0,0,0,0,0,0,0,0
0,0,0,0,0,0,0,0,0,0,0,0,0,0,0
0,0,0,0,0,0,0,0,0,0,0,0,0,0,0
0,4.9046,0,0,0,0,3.8363,0,0,0,0,0.67569,0,6.9516,9.7456
0,0,0,0,0,0,0,0,0,0,0,0,0,0,0
0,7.8252,6.8582,4.4024,4.9074,3.4388,2.2121,0,0,0,0,7.6087,6.5611,0,2.5893
0,5.4552,0,0,9.1747,0,0,0,0,0,0,0,1.4759,7.0169,7.7413
0,0.67954,0,0.69951,0,6.4824,7.0283,0,0,0.49269,0,0,0,0,0
0,0,0,0,0,0,0,0,0,0,0,0,0,0,0
0,0,0,0,0,0,0,0,0,0,0,0,0,0,0
0,0,0,0,0.53161,0,6.3474,0,0,9.3304,0.50594,0,0,0,0
0,0,0,0,0,0,0,0,0,0,0,0,0,0,0
0,0.27523,0,0,8.1649,0,0,0,0,0,0,0,0,0,0
0,0,0,0,0,0,0,0,0,0,0,0,0,0,0
0,0,0,0,0,0,0,0,0,0,0,0,0,0,0
0,0,0,0,0,0,5.4985,0,0,0,0,0,0,0,0
0,6.83,0,0,0,0,4.9173,0,0,0,0,0,0.31809,7.2608,8.3945
0,0,0,0,0,0,0,0,0,0,0,0,0,0,0
0,4.4113,0,0,8.3022,0,1.4415,0,1.7813,0,8.4508,0,6.0998,0,0
0,0,0,0,0,0,0,0,0,0,0,0,0,0,0
0,3.0435,0,0,0,0,0,0,0,0,0,7.7139,5.6964,6.9881,0
0,0,0,0,0,0,0,0,0,0,0,0,0,0,0
0,0,0,0,0,0,0,0,0,0,0,0,0,0,0
0,0,0,0,7.0141,8.4407,0,0,0,9.0487,0,0,6.0075,7.7965,8.3588
0,0,0,0,0,0,0,0,0,0,0,0,0,0,0
0,0,0,0,0,0,0,0,0,0,0,0,0,0,0
0,1.9316,0,8.3555,0,0.56206,2.6275,0,0,0,0,7.6482,8.2031,9.6407,0
0.095061,3.8274,13.259,5.6385,5.098,5.5551,2.9346,7.3784,7.4674,9.1115,3.4526,0,5.2013,8.5839,9.9451
0,0,0,0,0,0,0,0,0,0,0,7.8176,0,0,0
0,3.0751,10.706,0,5.2667,4.9446,3.5181,0,9.5829,0,0.67977,5.3966,0,7.1291,7.5688
0,0,0,0,0,0,0,0,0,0,0,0,0,0,0
0,0,0,0,0,0,0,0,0,0,0,0,0,0,0
0,5.2291,0,0,0,0.54522,0,0,0,8.3267,0,0,0,0,0
0,3.6642,0,0,8.7019,5.8674,0,0,0,0,0,0,0,0,0
0,0.39772,13.036,5.5051,0,3.9708,2.3746,6.8677,0,7.5953,0,7.3236,6.8825,5.6993,9.2526
0,0,0,0,0,0,0,0,0,0,0,0,0,0,0
0,0,13.32,0,0,0,0,0,0,0,9.7336,0,0,0,0
0,0,0,0,0,0,0,0,0,0,0,0,0,0,0
0,0,0,0,0,0,0,0,0,0,0,0,0,0,0
0,0,0,0,0,0,0,0,10.158,0,0,7.6686,0,0,0
0,0,0,0,0,0,0,0,0,0,0,0,0,0,0
22.321,2.3908,15.461,6.7464,4.2782,6.3411,3.6657,6.8509,9.8704,6.5761,5.4011,4.3166,5.3202,8.0676,7.861
30.433,1.9246,16.362,6.734,4.3481,6.3298,3.2518,5.6894,10.83,6.4161,6.2785,3.9325,5.5795,6.9912,8.3422
27.211,2.033,16.963,7.104,5.3191,6.2088,3.1388,6.8566,11.079,6.214,6.4758,4.0066,5.6362,7.9989,8.4328
4.0985,1.4681,14.503,4.946,5.4185,4.8775,3.1643,7.0825,8.9766,6.4379,7.4171,3.7765,5.2271,7.0181,8.4051
0,2.3506,15.31,5.9844,5.7821,5.6764,2.9447,8.4545,4.897,7.2218,10.401,5.0637,6.2475,8.0214,9.1619
22.378,1.4833,15.074,5.6772,4.8104,5.8914,3.037,5.7767,6.9332,5.703,6.371,3.8902,5.9629,6.679,7.812
0,2.8242,0,7.6023,0,3.5051,3.3729,0,9.8115,7.2469,0,0,6.2288,0,7.0503
